2026-02-15 14:55:08,631 - INFO - ============================================================
2026-02-15 14:55:08,631 - INFO - Starting Bitcoin Factor Analysis
2026-02-15 14:55:08,631 - INFO - ============================================================
2026-02-15 14:55:08,642 - INFO - Extracted 528 factors from factors.txt
2026-02-15 14:55:08,643 - INFO - Analyzing 15 factors
2026-02-15 14:55:08,643 - INFO - Fetching Bitcoin data...
2026-02-15 14:55:08,643 - INFO - Fetching data for Bitcoin (BTC-USD)...
2026-02-15 14:55:08,644 - ERROR - Error fetching data for Bitcoin: download() got an unexpected keyword argument 'show_errors'
2026-02-15 14:55:08,644 - ERROR - Failed to fetch Bitcoin data
2026-02-15 14:55:46,192 - INFO - ============================================================
2026-02-15 14:55:46,196 - INFO - Starting Bitcoin Factor Analysis
2026-02-15 14:55:46,196 - INFO - ============================================================
2026-02-15 14:55:46,200 - INFO - Extracted 528 factors from factors.txt
2026-02-15 14:55:46,200 - INFO - Analyzing 15 factors
2026-02-15 14:55:46,200 - INFO - Fetching Bitcoin data...
2026-02-15 14:55:46,200 - INFO - Fetching data for Bitcoin (BTC-USD)...
2026-02-15 14:55:46,200 - ERROR - Error fetching data for Bitcoin: download() got an unexpected keyword argument 'show_errors'
2026-02-15 14:55:46,200 - ERROR - Failed to fetch Bitcoin data
2026-02-15 14:56:54,369 - INFO - ============================================================
2026-02-15 14:56:54,371 - INFO - Starting Bitcoin Factor Analysis
2026-02-15 14:56:54,372 - INFO - ============================================================
2026-02-15 14:56:54,373 - INFO - Extracted 528 factors from factors.txt
2026-02-15 14:56:54,374 - INFO - Analyzing 5 factors
2026-02-15 14:56:54,375 - INFO - Fetching Bitcoin data...
2026-02-15 14:56:54,375 - INFO - Fetching data for Bitcoin (BTC-USD)...
2026-02-15 14:56:54,862 - ERROR - Error fetching data for Bitcoin: Index(['Date'], dtype='object')
2026-02-15 14:56:54,862 - ERROR - Failed to fetch Bitcoin data
2026-02-15 14:57:10,227 - INFO - ============================================================
2026-02-15 14:57:10,227 - INFO - Starting Bitcoin Factor Analysis
2026-02-15 14:57:10,227 - INFO - ============================================================
2026-02-15 14:57:10,228 - INFO - Extracted 528 factors from factors.txt
2026-02-15 14:57:10,228 - INFO - Analyzing 15 factors
2026-02-15 14:57:10,228 - INFO - Fetching Bitcoin data...
2026-02-15 14:57:10,229 - INFO - Fetching data for Bitcoin (BTC-USD)...
2026-02-15 14:57:10,570 - ERROR - Error fetching data for Bitcoin: Index(['Date'], dtype='object')
2026-02-15 14:57:10,571 - ERROR - Failed to fetch Bitcoin data
2026-02-15 14:57:24,732 - INFO - ============================================================
2026-02-15 14:57:24,732 - INFO - Starting Bitcoin Factor Analysis
2026-02-15 14:57:24,732 - INFO - ============================================================
2026-02-15 14:57:24,733 - INFO - Extracted 528 factors from factors.txt
2026-02-15 14:57:24,733 - INFO - Analyzing 15 factors
2026-02-15 14:57:24,733 - INFO - Fetching Bitcoin data...
2026-02-15 14:57:24,733 - INFO - Fetching data for Bitcoin (BTC-USD)...
2026-02-15 14:57:25,078 - ERROR - Error fetching data for Bitcoin: Index(['Date'], dtype='object')
2026-02-15 14:57:25,078 - ERROR - Failed to fetch Bitcoin data
2026-02-15 14:57:44,289 - INFO - ============================================================
2026-02-15 14:57:44,289 - INFO - Starting Bitcoin Factor Analysis
2026-02-15 14:57:44,290 - INFO - ============================================================
2026-02-15 14:57:44,291 - INFO - Extracted 528 factors from factors.txt
2026-02-15 14:57:44,291 - INFO - Analyzing 3 factors
2026-02-15 14:57:44,292 - INFO - Fetching Bitcoin data...
2026-02-15 14:57:44,292 - INFO - Fetching data for Bitcoin (BTC-USD)...
2026-02-15 14:57:44,583 - ERROR - Error fetching data for Bitcoin: Index(['Date'], dtype='object')
2026-02-15 14:57:44,583 - ERROR - Failed to fetch Bitcoin data
2026-02-15 14:57:59,131 - INFO - ============================================================
2026-02-15 14:57:59,131 - INFO - Starting Bitcoin Factor Analysis
2026-02-15 14:57:59,131 - INFO - ============================================================
2026-02-15 14:57:59,132 - INFO - Extracted 528 factors from factors.txt
2026-02-15 14:57:59,132 - INFO - Analyzing 3 factors
2026-02-15 14:57:59,132 - INFO - Fetching Bitcoin data...
2026-02-15 14:57:59,132 - INFO - Fetching data for Bitcoin (BTC-USD)...
2026-02-15 14:57:59,516 - INFO - Raw data type: <class 'pandas.core.frame.DataFrame'>, columns: [('Close', 'BTC-USD'), ('High', 'BTC-USD'), ('Low', 'BTC-USD'), ('Open', 'BTC-USD'), ('Volume', 'BTC-USD')]
2026-02-15 14:57:59,517 - INFO - After reset_index - columns: [('Date', ''), ('Close', 'BTC-USD'), ('High', 'BTC-USD'), ('Low', 'BTC-USD'), ('Open', 'BTC-USD'), ('Volume', 'BTC-USD')]
2026-02-15 14:57:59,520 - ERROR - Error fetching data for Bitcoin: Index(['Date'], dtype='object')
Traceback (most recent call last):
  File "C:\Users\moulo\Documents\Hobbies\BTCPredict\btc_factor_analyzer.py", line 225, in fetch_factor_data
    result = result.drop_duplicates(subset=['Date']).dropna()
             ~~~~~~~~~~~~~~~~~~~~~~^^^^^^^^^^^^^^^^^
  File "C:\Users\moulo\AppData\Local\Programs\Python\Python313\Lib\site-packages\pandas\core\frame.py", line 6840, in drop_duplicates
    result = self[-self.duplicated(subset, keep=keep)]
                   ~~~~~~~~~~~~~~~^^^^^^^^^^^^^^^^^^^
  File "C:\Users\moulo\AppData\Local\Programs\Python\Python313\Lib\site-packages\pandas\core\frame.py", line 6972, in duplicated
    raise KeyError(Index(diff))
KeyError: Index(['Date'], dtype='object')
2026-02-15 14:57:59,587 - ERROR - Failed to fetch Bitcoin data
2026-02-15 14:58:13,502 - INFO - ============================================================
2026-02-15 14:58:13,502 - INFO - Starting Bitcoin Factor Analysis
2026-02-15 14:58:13,502 - INFO - ============================================================
2026-02-15 14:58:13,504 - INFO - Extracted 528 factors from factors.txt
2026-02-15 14:58:13,504 - INFO - Analyzing 3 factors
2026-02-15 14:58:13,504 - INFO - Fetching Bitcoin data...
2026-02-15 14:58:13,504 - INFO - Fetching data for Bitcoin (BTC-USD)...
2026-02-15 14:58:13,802 - INFO - Raw data type: <class 'pandas.core.frame.DataFrame'>, columns: [('Close', 'BTC-USD'), ('High', 'BTC-USD'), ('Low', 'BTC-USD'), ('Open', 'BTC-USD'), ('Volume', 'BTC-USD')]
2026-02-15 14:58:13,803 - INFO - After reset_index - columns: ['Date', 'Close', 'High', 'Low', 'Open', 'Volume']
2026-02-15 14:58:13,807 - INFO - Successfully fetched 1506 records for Bitcoin
2026-02-15 14:58:13,808 - INFO - BTC data: 1506 records from 2022-01-01 00:00:00 to 2026-02-14 00:00:00
2026-02-15 14:58:13,808 - INFO - 
[1/3] Analyzing "Bitcoin to $X" Memes...
2026-02-15 14:58:13,809 - WARNING - No ticker mapping for "Bitcoin to $X" Memes, skipping...
2026-02-15 14:58:13,809 - WARNING - Skipping "Bitcoin to $X" Memes - no data retrieved
2026-02-15 14:58:13,810 - INFO - 
[2/3] Analyzing "FUD" (Fear, Uncertainty, Doubt) Narratives...
2026-02-15 14:58:13,810 - WARNING - No ticker mapping for "FUD" (Fear, Uncertainty, Doubt) Narratives, skipping...
2026-02-15 14:58:13,810 - WARNING - Skipping "FUD" (Fear, Uncertainty, Doubt) Narratives - no data retrieved
2026-02-15 14:58:13,810 - INFO - 
[3/3] Analyzing "HODL" Culture Prevalence...
2026-02-15 14:58:13,810 - WARNING - No ticker mapping for "HODL" Culture Prevalence, skipping...
2026-02-15 14:58:13,810 - WARNING - Skipping "HODL" Culture Prevalence - no data retrieved
2026-02-15 14:58:13,811 - INFO - 
Creating summary reports...
2026-02-15 14:58:13,811 - WARNING - No summary data to save
2026-02-15 14:58:13,811 - INFO - ============================================================
2026-02-15 14:58:13,811 - INFO - Analysis Complete!
2026-02-15 14:58:13,811 - INFO -   Successfully analyzed: 0 factors
2026-02-15 14:58:13,811 - INFO -   Failed: 3 factors
2026-02-15 14:58:13,812 - INFO -   Output directory: BTC_Factor_Reports
2026-02-15 14:58:13,812 - INFO - ============================================================
2026-02-15 14:58:24,572 - INFO - ============================================================
2026-02-15 14:58:24,573 - INFO - Starting Bitcoin Factor Analysis
2026-02-15 14:58:24,573 - INFO - ============================================================
2026-02-15 14:58:24,574 - INFO - Extracted 528 factors from factors.txt
2026-02-15 14:58:24,574 - INFO - Analyzing 15 factors
2026-02-15 14:58:24,574 - INFO - Fetching Bitcoin data...
2026-02-15 14:58:24,574 - INFO - Fetching data for Bitcoin (BTC-USD)...
2026-02-15 14:58:24,891 - INFO - Raw data type: <class 'pandas.core.frame.DataFrame'>, columns: [('Close', 'BTC-USD'), ('High', 'BTC-USD'), ('Low', 'BTC-USD'), ('Open', 'BTC-USD'), ('Volume', 'BTC-USD')]
2026-02-15 14:58:24,892 - INFO - After reset_index - columns: ['Date', 'Close', 'High', 'Low', 'Open', 'Volume']
2026-02-15 14:58:24,894 - INFO - Successfully fetched 1506 records for Bitcoin
2026-02-15 14:58:24,895 - INFO - BTC data: 1506 records from 2022-01-01 00:00:00 to 2026-02-14 00:00:00
2026-02-15 14:58:24,895 - INFO - 
[1/15] Analyzing "Bitcoin to $X" Memes...
2026-02-15 14:58:24,895 - WARNING - No ticker mapping for "Bitcoin to $X" Memes, skipping...
2026-02-15 14:58:24,895 - WARNING - Skipping "Bitcoin to $X" Memes - no data retrieved
2026-02-15 14:58:24,895 - INFO - 
[2/15] Analyzing "FUD" (Fear, Uncertainty, Doubt) Narratives...
2026-02-15 14:58:24,896 - WARNING - No ticker mapping for "FUD" (Fear, Uncertainty, Doubt) Narratives, skipping...
2026-02-15 14:58:24,896 - WARNING - Skipping "FUD" (Fear, Uncertainty, Doubt) Narratives - no data retrieved
2026-02-15 14:58:24,896 - INFO - 
[3/15] Analyzing "HODL" Culture Prevalence...
2026-02-15 14:58:24,896 - WARNING - No ticker mapping for "HODL" Culture Prevalence, skipping...
2026-02-15 14:58:24,896 - WARNING - Skipping "HODL" Culture Prevalence - no data retrieved
2026-02-15 14:58:24,897 - INFO - 
[4/15] Analyzing "Uptober" & Seasonal Patterns...
2026-02-15 14:58:24,897 - WARNING - No ticker mapping for "Uptober" & Seasonal Patterns, skipping...
2026-02-15 14:58:24,899 - WARNING - Skipping "Uptober" & Seasonal Patterns - no data retrieved
2026-02-15 14:58:24,899 - INFO - 
[5/15] Analyzing 10-Year Treasury Yield...
2026-02-15 14:58:24,899 - INFO - Fetching data for 10-Year Treasury Yield (^TNX)...
2026-02-15 14:58:28,767 - INFO - Raw data type: <class 'pandas.core.frame.DataFrame'>, columns: [('Close', '^TNX'), ('High', '^TNX'), ('Low', '^TNX'), ('Open', '^TNX'), ('Volume', '^TNX')]
2026-02-15 14:58:28,767 - INFO - After reset_index - columns: ['Date', 'Close', 'High', 'Low', 'Open', 'Volume']
2026-02-15 14:58:28,769 - INFO - Successfully fetched 1033 records for 10-Year Treasury Yield
2026-02-15 14:58:31,025 - INFO - Saved visualization to BTC_Factor_Reports\chart_10-Year_Treasury_Yield.png
2026-02-15 14:58:31,379 - INFO - Created PDF report: BTC_Factor_Reports\BTC_vs_10-Year_Treasury_Yield.pdf
2026-02-15 14:58:31,550 - INFO - 
[6/15] Analyzing 2-Year Treasury Yield...
2026-02-15 14:58:31,550 - INFO - Fetching data for 2-Year Treasury Yield (^IRX)...
2026-02-15 14:58:32,159 - INFO - Raw data type: <class 'pandas.core.frame.DataFrame'>, columns: [('Close', '^IRX'), ('High', '^IRX'), ('Low', '^IRX'), ('Open', '^IRX'), ('Volume', '^IRX')]
2026-02-15 14:58:32,160 - INFO - After reset_index - columns: ['Date', 'Close', 'High', 'Low', 'Open', 'Volume']
2026-02-15 14:58:32,161 - INFO - Successfully fetched 1033 records for 2-Year Treasury Yield
2026-02-15 14:58:32,984 - INFO - Saved visualization to BTC_Factor_Reports\chart_2-Year_Treasury_Yield.png
2026-02-15 14:58:33,306 - INFO - Created PDF report: BTC_Factor_Reports\BTC_vs_2-Year_Treasury_Yield.pdf
2026-02-15 14:58:33,361 - INFO - 
[7/15] Analyzing 2-Year/10-Year Yield Curve Spread...
2026-02-15 14:58:33,362 - WARNING - No ticker mapping for 2-Year/10-Year Yield Curve Spread, skipping...
2026-02-15 14:58:33,362 - WARNING - Skipping 2-Year/10-Year Yield Curve Spread - no data retrieved
2026-02-15 14:58:33,362 - INFO - 
[8/15] Analyzing 200-Week Moving Average...
2026-02-15 14:58:33,362 - WARNING - No ticker mapping for 200-Week Moving Average, skipping...
2026-02-15 14:58:33,363 - WARNING - Skipping 200-Week Moving Average - no data retrieved
2026-02-15 14:58:33,363 - INFO - 
[9/15] Analyzing 24-Hour Trading Volume (All Exchanges)...
2026-02-15 14:58:33,363 - WARNING - No ticker mapping for 24-Hour Trading Volume (All Exchanges), skipping...
2026-02-15 14:58:33,363 - WARNING - Skipping 24-Hour Trading Volume (All Exchanges) - no data retrieved
2026-02-15 14:58:33,363 - INFO - 
[10/15] Analyzing 30-Year Treasury Yield...
2026-02-15 14:58:33,364 - WARNING - No ticker mapping for 30-Year Treasury Yield, skipping...
2026-02-15 14:58:33,364 - WARNING - Skipping 30-Year Treasury Yield - no data retrieved
2026-02-15 14:58:33,364 - INFO - 
[11/15] Analyzing 4-Year Bitcoin Cycle (Halving-Based)...
2026-02-15 14:58:33,364 - WARNING - No ticker mapping for 4-Year Bitcoin Cycle (Halving-Based), skipping...
2026-02-15 14:58:33,364 - WARNING - Skipping 4-Year Bitcoin Cycle (Halving-Based) - no data retrieved
2026-02-15 14:58:33,364 - INFO - 
[12/15] Analyzing 51% Attack...
2026-02-15 14:58:33,364 - WARNING - No ticker mapping for 51% Attack, skipping...
2026-02-15 14:58:33,365 - WARNING - Skipping 51% Attack - no data retrieved
2026-02-15 14:58:33,365 - INFO - 
[13/15] Analyzing 5G Rollout...
2026-02-15 14:58:33,365 - WARNING - No ticker mapping for 5G Rollout, skipping...
2026-02-15 14:58:33,366 - WARNING - Skipping 5G Rollout - no data retrieved
2026-02-15 14:58:33,366 - INFO - 
[14/15] Analyzing ARK Innovation ETF (ARKK)...
2026-02-15 14:58:33,366 - WARNING - No ticker mapping for ARK Innovation ETF (ARKK), skipping...
2026-02-15 14:58:33,367 - WARNING - Skipping ARK Innovation ETF (ARKK) - no data retrieved
2026-02-15 14:58:33,367 - INFO - 
[15/15] Analyzing ASIC Miner Releases...
2026-02-15 14:58:33,367 - WARNING - No ticker mapping for ASIC Miner Releases, skipping...
2026-02-15 14:58:33,368 - WARNING - Skipping ASIC Miner Releases - no data retrieved
2026-02-15 14:58:33,368 - INFO - 
Creating summary reports...
2026-02-15 14:58:33,395 - INFO - Created summary report: BTC_Factor_Reports\BTC_Correlation_Summary.csv
2026-02-15 14:58:33,406 - INFO - Created summary PDF: BTC_Factor_Reports\BTC_Correlation_Summary.pdf
2026-02-15 14:58:33,407 - INFO - ============================================================
2026-02-15 14:58:33,408 - INFO - Analysis Complete!
2026-02-15 14:58:33,408 - INFO -   Successfully analyzed: 2 factors
2026-02-15 14:58:33,408 - INFO -   Failed: 13 factors
2026-02-15 14:58:33,408 - INFO -   Output directory: BTC_Factor_Reports
2026-02-15 14:58:33,409 - INFO - ============================================================
2026-02-15 15:00:08,029 - INFO - ============================================================
2026-02-15 15:00:08,029 - INFO - Starting Bitcoin Factor Analysis
2026-02-15 15:00:08,029 - INFO - ============================================================
2026-02-15 15:00:08,030 - INFO - Extracted 528 factors from factors.txt
2026-02-15 15:00:08,031 - INFO - Analyzing 528 factors
2026-02-15 15:00:08,031 - INFO - Fetching Bitcoin data...
2026-02-15 15:00:08,031 - INFO - Fetching data for Bitcoin (BTC-USD)...
2026-02-15 15:00:08,354 - INFO - Raw data type: <class 'pandas.core.frame.DataFrame'>, columns: [('Close', 'BTC-USD'), ('High', 'BTC-USD'), ('Low', 'BTC-USD'), ('Open', 'BTC-USD'), ('Volume', 'BTC-USD')]
2026-02-15 15:00:08,356 - INFO - After reset_index - columns: ['Date', 'Close', 'High', 'Low', 'Open', 'Volume']
2026-02-15 15:00:08,358 - INFO - Successfully fetched 1506 records for Bitcoin
2026-02-15 15:00:08,359 - INFO - BTC data: 1506 records from 2022-01-01 00:00:00 to 2026-02-14 00:00:00
2026-02-15 15:00:08,359 - INFO - 
[1/528] Analyzing "Bitcoin to $X" Memes...
2026-02-15 15:00:08,359 - WARNING - No ticker mapping for "Bitcoin to $X" Memes, skipping...
2026-02-15 15:00:08,359 - WARNING - Skipping "Bitcoin to $X" Memes - no data retrieved
2026-02-15 15:00:08,359 - INFO - 
[2/528] Analyzing "FUD" (Fear, Uncertainty, Doubt) Narratives...
2026-02-15 15:00:08,360 - WARNING - No ticker mapping for "FUD" (Fear, Uncertainty, Doubt) Narratives, skipping...
2026-02-15 15:00:08,361 - WARNING - Skipping "FUD" (Fear, Uncertainty, Doubt) Narratives - no data retrieved
2026-02-15 15:00:08,361 - INFO - 
[3/528] Analyzing "HODL" Culture Prevalence...
2026-02-15 15:00:08,361 - WARNING - No ticker mapping for "HODL" Culture Prevalence, skipping...
2026-02-15 15:00:08,362 - WARNING - Skipping "HODL" Culture Prevalence - no data retrieved
2026-02-15 15:00:08,363 - INFO - 
[4/528] Analyzing "Uptober" & Seasonal Patterns...
2026-02-15 15:00:08,363 - WARNING - No ticker mapping for "Uptober" & Seasonal Patterns, skipping...
2026-02-15 15:00:08,363 - WARNING - Skipping "Uptober" & Seasonal Patterns - no data retrieved
2026-02-15 15:00:08,363 - INFO - 
[5/528] Analyzing 10-Year Treasury Yield...
2026-02-15 15:00:08,364 - INFO - Fetching data for 10-Year Treasury Yield (^TNX)...
2026-02-15 15:00:08,520 - INFO - Raw data type: <class 'pandas.core.frame.DataFrame'>, columns: [('Close', '^TNX'), ('High', '^TNX'), ('Low', '^TNX'), ('Open', '^TNX'), ('Volume', '^TNX')]
2026-02-15 15:00:08,520 - INFO - After reset_index - columns: ['Date', 'Close', 'High', 'Low', 'Open', 'Volume']
2026-02-15 15:00:08,522 - INFO - Successfully fetched 1033 records for 10-Year Treasury Yield
2026-02-15 15:00:09,237 - INFO - Saved visualization to BTC_Factor_Reports\chart_10-Year_Treasury_Yield.png
2026-02-15 15:00:09,569 - INFO - Created PDF report: BTC_Factor_Reports\BTC_vs_10-Year_Treasury_Yield.pdf
2026-02-15 15:00:09,576 - INFO - 
[6/528] Analyzing 2-Year Treasury Yield...
2026-02-15 15:00:09,576 - INFO - Fetching data for 2-Year Treasury Yield (^IRX)...
2026-02-15 15:00:09,708 - INFO - Raw data type: <class 'pandas.core.frame.DataFrame'>, columns: [('Close', '^IRX'), ('High', '^IRX'), ('Low', '^IRX'), ('Open', '^IRX'), ('Volume', '^IRX')]
2026-02-15 15:00:09,708 - INFO - After reset_index - columns: ['Date', 'Close', 'High', 'Low', 'Open', 'Volume']
2026-02-15 15:00:09,710 - INFO - Successfully fetched 1033 records for 2-Year Treasury Yield
2026-02-15 15:00:10,243 - INFO - Saved visualization to BTC_Factor_Reports\chart_2-Year_Treasury_Yield.png
2026-02-15 15:00:10,541 - INFO - Created PDF report: BTC_Factor_Reports\BTC_vs_2-Year_Treasury_Yield.pdf
2026-02-15 15:00:10,552 - INFO - 
[7/528] Analyzing 2-Year/10-Year Yield Curve Spread...
2026-02-15 15:00:10,552 - WARNING - No ticker mapping for 2-Year/10-Year Yield Curve Spread, skipping...
2026-02-15 15:00:10,553 - WARNING - Skipping 2-Year/10-Year Yield Curve Spread - no data retrieved
2026-02-15 15:00:10,553 - INFO - 
[8/528] Analyzing 200-Week Moving Average...
2026-02-15 15:00:10,553 - WARNING - No ticker mapping for 200-Week Moving Average, skipping...
2026-02-15 15:00:10,553 - WARNING - Skipping 200-Week Moving Average - no data retrieved
2026-02-15 15:00:10,554 - INFO - 
[9/528] Analyzing 24-Hour Trading Volume (All Exchanges)...
2026-02-15 15:00:10,554 - WARNING - No ticker mapping for 24-Hour Trading Volume (All Exchanges), skipping...
2026-02-15 15:00:10,554 - WARNING - Skipping 24-Hour Trading Volume (All Exchanges) - no data retrieved
2026-02-15 15:00:10,556 - INFO - 
[10/528] Analyzing 30-Year Treasury Yield...
2026-02-15 15:00:10,557 - WARNING - No ticker mapping for 30-Year Treasury Yield, skipping...
2026-02-15 15:00:10,557 - WARNING - Skipping 30-Year Treasury Yield - no data retrieved
2026-02-15 15:00:10,558 - INFO - 
[11/528] Analyzing 4-Year Bitcoin Cycle (Halving-Based)...
2026-02-15 15:00:10,558 - WARNING - No ticker mapping for 4-Year Bitcoin Cycle (Halving-Based), skipping...
2026-02-15 15:00:10,558 - WARNING - Skipping 4-Year Bitcoin Cycle (Halving-Based) - no data retrieved
2026-02-15 15:00:10,558 - INFO - 
[12/528] Analyzing 51% Attack...
2026-02-15 15:00:10,558 - WARNING - No ticker mapping for 51% Attack, skipping...
2026-02-15 15:00:10,558 - WARNING - Skipping 51% Attack - no data retrieved
2026-02-15 15:00:10,558 - INFO - 
[13/528] Analyzing 5G Rollout...
2026-02-15 15:00:10,559 - WARNING - No ticker mapping for 5G Rollout, skipping...
2026-02-15 15:00:10,559 - WARNING - Skipping 5G Rollout - no data retrieved
2026-02-15 15:00:10,559 - INFO - 
[14/528] Analyzing ARK Innovation ETF (ARKK)...
2026-02-15 15:00:10,559 - WARNING - No ticker mapping for ARK Innovation ETF (ARKK), skipping...
2026-02-15 15:00:10,559 - WARNING - Skipping ARK Innovation ETF (ARKK) - no data retrieved
2026-02-15 15:00:10,559 - INFO - 
[15/528] Analyzing ASIC Miner Releases...
2026-02-15 15:00:10,560 - WARNING - No ticker mapping for ASIC Miner Releases, skipping...
2026-02-15 15:00:10,560 - WARNING - Skipping ASIC Miner Releases - no data retrieved
2026-02-15 15:00:10,560 - INFO - 
[16/528] Analyzing AUD/USD...
2026-02-15 15:00:10,560 - WARNING - No ticker mapping for AUD/USD, skipping...
2026-02-15 15:00:10,560 - WARNING - Skipping AUD/USD - no data retrieved
2026-02-15 15:00:10,560 - INFO - 
[17/528] Analyzing Aave (AAVE)...
2026-02-15 15:00:10,560 - WARNING - No ticker mapping for Aave (AAVE), skipping...
2026-02-15 15:00:10,561 - WARNING - Skipping Aave (AAVE) - no data retrieved
2026-02-15 15:00:10,561 - INFO - 
[18/528] Analyzing Academic Papers on Bitcoin...
2026-02-15 15:00:10,561 - WARNING - No ticker mapping for Academic Papers on Bitcoin, skipping...
2026-02-15 15:00:10,561 - WARNING - Skipping Academic Papers on Bitcoin - no data retrieved
2026-02-15 15:00:10,561 - INFO - 
[19/528] Analyzing Active Addresses...
2026-02-15 15:00:10,561 - WARNING - No ticker mapping for Active Addresses, skipping...
2026-02-15 15:00:10,561 - WARNING - Skipping Active Addresses - no data retrieved
2026-02-15 15:00:10,561 - INFO - 
[20/528] Analyzing Address Activity...
2026-02-15 15:00:10,562 - WARNING - No ticker mapping for Address Activity, skipping...
2026-02-15 15:00:10,562 - WARNING - Skipping Address Activity - no data retrieved
2026-02-15 15:00:10,563 - INFO - 
[21/528] Analyzing Addresses with Balance >0.01 BTC, >1 BTC, >10 BTC, etc....
2026-02-15 15:00:10,563 - WARNING - No ticker mapping for Addresses with Balance >0.01 BTC, >1 BTC, >10 BTC, etc., skipping...
2026-02-15 15:00:10,563 - WARNING - Skipping Addresses with Balance >0.01 BTC, >1 BTC, >10 BTC, etc. - no data retrieved
2026-02-15 15:00:10,563 - INFO - 
[22/528] Analyzing Age-Based Crypto Ownership Surveys...
2026-02-15 15:00:10,563 - WARNING - No ticker mapping for Age-Based Crypto Ownership Surveys, skipping...
2026-02-15 15:00:10,564 - WARNING - Skipping Age-Based Crypto Ownership Surveys - no data retrieved
2026-02-15 15:00:10,564 - INFO - 
[23/528] Analyzing Agricultural Commodities...
2026-02-15 15:00:10,564 - WARNING - No ticker mapping for Agricultural Commodities, skipping...
2026-02-15 15:00:10,564 - WARNING - Skipping Agricultural Commodities - no data retrieved
2026-02-15 15:00:10,564 - INFO - 
[24/528] Analyzing All-Time High Proximity...
2026-02-15 15:00:10,564 - WARNING - No ticker mapping for All-Time High Proximity, skipping...
2026-02-15 15:00:10,564 - WARNING - Skipping All-Time High Proximity - no data retrieved
2026-02-15 15:00:10,564 - INFO - 
[25/528] Analyzing Altcoin Season Rotations...
2026-02-15 15:00:10,564 - WARNING - No ticker mapping for Altcoin Season Rotations, skipping...
2026-02-15 15:00:10,565 - WARNING - Skipping Altcoin Season Rotations - no data retrieved
2026-02-15 15:00:10,565 - INFO - 
[26/528] Analyzing Aluminum...
2026-02-15 15:00:10,565 - WARNING - No ticker mapping for Aluminum, skipping...
2026-02-15 15:00:10,565 - WARNING - Skipping Aluminum - no data retrieved
2026-02-15 15:00:10,565 - INFO - 
[27/528] Analyzing Asia-Pacific...
2026-02-15 15:00:10,565 - WARNING - No ticker mapping for Asia-Pacific, skipping...
2026-02-15 15:00:10,565 - WARNING - Skipping Asia-Pacific - no data retrieved
2026-02-15 15:00:10,566 - INFO - 
[28/528] Analyzing Asian Indices...
2026-02-15 15:00:10,566 - WARNING - No ticker mapping for Asian Indices, skipping...
2026-02-15 15:00:10,566 - WARNING - Skipping Asian Indices - no data retrieved
2026-02-15 15:00:10,566 - INFO - 
[29/528] Analyzing Athlete/Entertainer Endorsements...
2026-02-15 15:00:10,566 - WARNING - No ticker mapping for Athlete/Entertainer Endorsements, skipping...
2026-02-15 15:00:10,566 - WARNING - Skipping Athlete/Entertainer Endorsements - no data retrieved
2026-02-15 15:00:10,566 - INFO - 
[30/528] Analyzing Average Hourly Earnings...
2026-02-15 15:00:10,566 - WARNING - No ticker mapping for Average Hourly Earnings, skipping...
2026-02-15 15:00:10,567 - WARNING - Skipping Average Hourly Earnings - no data retrieved
2026-02-15 15:00:10,567 - INFO - 
[31/528] Analyzing Average Transaction Fee...
2026-02-15 15:00:10,567 - WARNING - No ticker mapping for Average Transaction Fee, skipping...
2026-02-15 15:00:10,567 - WARNING - Skipping Average Transaction Fee - no data retrieved
2026-02-15 15:00:10,568 - INFO - 
[32/528] Analyzing BIPs (Bitcoin Improvement Proposals)...
2026-02-15 15:00:10,569 - WARNING - No ticker mapping for BIPs (Bitcoin Improvement Proposals), skipping...
2026-02-15 15:00:10,570 - WARNING - Skipping BIPs (Bitcoin Improvement Proposals) - no data retrieved
2026-02-15 15:00:10,571 - INFO - 
[33/528] Analyzing BIS (Bank for International Settlements) Views...
2026-02-15 15:00:10,572 - WARNING - No ticker mapping for BIS (Bank for International Settlements) Views, skipping...
2026-02-15 15:00:10,572 - WARNING - Skipping BIS (Bank for International Settlements) Views - no data retrieved
2026-02-15 15:00:10,572 - INFO - 
[34/528] Analyzing BOVESPA (Brazil)...
2026-02-15 15:00:10,572 - WARNING - No ticker mapping for BOVESPA (Brazil), skipping...
2026-02-15 15:00:10,573 - WARNING - Skipping BOVESPA (Brazil) - no data retrieved
2026-02-15 15:00:10,573 - INFO - 
[35/528] Analyzing BTC.com API...
2026-02-15 15:00:10,573 - WARNING - No ticker mapping for BTC.com API, skipping...
2026-02-15 15:00:10,573 - WARNING - Skipping BTC.com API - no data retrieved
2026-02-15 15:00:10,573 - INFO - 
[36/528] Analyzing BUSD Market Cap...
2026-02-15 15:00:10,574 - WARNING - No ticker mapping for BUSD Market Cap, skipping...
2026-02-15 15:00:10,574 - WARNING - Skipping BUSD Market Cap - no data retrieved
2026-02-15 15:00:10,574 - INFO - 
[37/528] Analyzing Bank Failures or Stress Events...
2026-02-15 15:00:10,574 - WARNING - No ticker mapping for Bank Failures or Stress Events, skipping...
2026-02-15 15:00:10,574 - WARNING - Skipping Bank Failures or Stress Events - no data retrieved
2026-02-15 15:00:10,574 - INFO - 
[38/528] Analyzing Bank Lending Standards...
2026-02-15 15:00:10,574 - WARNING - No ticker mapping for Bank Lending Standards, skipping...
2026-02-15 15:00:10,574 - WARNING - Skipping Bank Lending Standards - no data retrieved
2026-02-15 15:00:10,574 - INFO - 
[39/528] Analyzing Bank of America Crypto Notes...
2026-02-15 15:00:10,574 - WARNING - No ticker mapping for Bank of America Crypto Notes, skipping...
2026-02-15 15:00:10,574 - WARNING - Skipping Bank of America Crypto Notes - no data retrieved
2026-02-15 15:00:10,574 - INFO - 
[40/528] Analyzing Bank of England Base Rate...
2026-02-15 15:00:10,575 - WARNING - No ticker mapping for Bank of England Base Rate, skipping...
2026-02-15 15:00:10,575 - WARNING - Skipping Bank of England Base Rate - no data retrieved
2026-02-15 15:00:10,575 - INFO - 
[41/528] Analyzing Bank of England Policy Decisions...
2026-02-15 15:00:10,575 - WARNING - No ticker mapping for Bank of England Policy Decisions, skipping...
2026-02-15 15:00:10,575 - WARNING - Skipping Bank of England Policy Decisions - no data retrieved
2026-02-15 15:00:10,575 - INFO - 
[42/528] Analyzing Bank of Japan Policy Decisions...
2026-02-15 15:00:10,575 - WARNING - No ticker mapping for Bank of Japan Policy Decisions, skipping...
2026-02-15 15:00:10,576 - WARNING - Skipping Bank of Japan Policy Decisions - no data retrieved
2026-02-15 15:00:10,576 - INFO - 
[43/528] Analyzing Bank of Japan Policy Rate...
2026-02-15 15:00:10,576 - WARNING - No ticker mapping for Bank of Japan Policy Rate, skipping...
2026-02-15 15:00:10,576 - WARNING - Skipping Bank of Japan Policy Rate - no data retrieved
2026-02-15 15:00:10,576 - INFO - 
[44/528] Analyzing Banking System Stress (Global)...
2026-02-15 15:00:10,576 - WARNING - No ticker mapping for Banking System Stress (Global), skipping...
2026-02-15 15:00:10,576 - WARNING - Skipping Banking System Stress (Global) - no data retrieved
2026-02-15 15:00:10,576 - INFO - 
[45/528] Analyzing Beige Book (Fed Regional Reports)...
2026-02-15 15:00:10,576 - WARNING - No ticker mapping for Beige Book (Fed Regional Reports), skipping...
2026-02-15 15:00:10,577 - WARNING - Skipping Beige Book (Fed Regional Reports) - no data retrieved
2026-02-15 15:00:10,577 - INFO - 
[46/528] Analyzing Bid-Ask Spreads...
2026-02-15 15:00:10,577 - WARNING - No ticker mapping for Bid-Ask Spreads, skipping...
2026-02-15 15:00:10,577 - WARNING - Skipping Bid-Ask Spreads - no data retrieved
2026-02-15 15:00:10,577 - INFO - 
[47/528] Analyzing Binance Coin (BNB)...
2026-02-15 15:00:10,578 - INFO - Fetching data for Binance Coin (BNB) (BNB-USD)...
2026-02-15 15:00:10,779 - INFO - Raw data type: <class 'pandas.core.frame.DataFrame'>, columns: [('Close', 'BNB-USD'), ('High', 'BNB-USD'), ('Low', 'BNB-USD'), ('Open', 'BNB-USD'), ('Volume', 'BNB-USD')]
2026-02-15 15:00:10,781 - INFO - After reset_index - columns: ['Date', 'Close', 'High', 'Low', 'Open', 'Volume']
2026-02-15 15:00:10,782 - INFO - Successfully fetched 1506 records for Binance Coin (BNB)
2026-02-15 15:00:11,342 - INFO - Saved visualization to BTC_Factor_Reports\chart_Binance_Coin__BNB_.png
2026-02-15 15:00:11,645 - INFO - Created PDF report: BTC_Factor_Reports\BTC_vs_Binance_Coin__BNB_.pdf
2026-02-15 15:00:11,649 - INFO - 
[48/528] Analyzing Binance, Coinbase, Kraken, Bitstamp, etc....
2026-02-15 15:00:11,650 - WARNING - No ticker mapping for Binance, Coinbase, Kraken, Bitstamp, etc., skipping...
2026-02-15 15:00:11,650 - WARNING - Skipping Binance, Coinbase, Kraken, Bitstamp, etc. - no data retrieved
2026-02-15 15:00:11,650 - INFO - 
[49/528] Analyzing Binance/Bybit/Other Exchange Futures Volume...
2026-02-15 15:00:11,650 - WARNING - No ticker mapping for Binance/Bybit/Other Exchange Futures Volume, skipping...
2026-02-15 15:00:11,650 - WARNING - Skipping Binance/Bybit/Other Exchange Futures Volume - no data retrieved
2026-02-15 15:00:11,650 - INFO - 
[50/528] Analyzing BitInfoCharts...
2026-02-15 15:00:11,650 - WARNING - No ticker mapping for BitInfoCharts, skipping...
2026-02-15 15:00:11,651 - WARNING - Skipping BitInfoCharts - no data retrieved
2026-02-15 15:00:11,651 - INFO - 
[51/528] Analyzing Bitcoin Cash (BCH)...
2026-02-15 15:00:11,652 - WARNING - No ticker mapping for Bitcoin Cash (BCH), skipping...
2026-02-15 15:00:11,652 - WARNING - Skipping Bitcoin Cash (BCH) - no data retrieved
2026-02-15 15:00:11,652 - INFO - 
[52/528] Analyzing Bitcoin Core Releases...
2026-02-15 15:00:11,652 - WARNING - No ticker mapping for Bitcoin Core Releases, skipping...
2026-02-15 15:00:11,653 - WARNING - Skipping Bitcoin Core Releases - no data retrieved
2026-02-15 15:00:11,653 - INFO - 
[53/528] Analyzing Bitcoin Coverage in Major Outlets (WSJ, NYT, Bloomberg, etc.)...
2026-02-15 15:00:11,653 - WARNING - No ticker mapping for Bitcoin Coverage in Major Outlets (WSJ, NYT, Bloomberg, etc.), skipping...
2026-02-15 15:00:11,654 - WARNING - Skipping Bitcoin Coverage in Major Outlets (WSJ, NYT, Bloomberg, etc.) - no data retrieved
2026-02-15 15:00:11,654 - INFO - 
[54/528] Analyzing Bitcoin Dominance (BTC.D)...
2026-02-15 15:00:11,655 - WARNING - No ticker mapping for Bitcoin Dominance (BTC.D), skipping...
2026-02-15 15:00:11,655 - WARNING - Skipping Bitcoin Dominance (BTC.D) - no data retrieved
2026-02-15 15:00:11,655 - INFO - 
[55/528] Analyzing Bitcoin ETF Approvals/Rejections...
2026-02-15 15:00:11,656 - WARNING - No ticker mapping for Bitcoin ETF Approvals/Rejections, skipping...
2026-02-15 15:00:11,657 - WARNING - Skipping Bitcoin ETF Approvals/Rejections - no data retrieved
2026-02-15 15:00:11,657 - INFO - 
[56/528] Analyzing Bitcoin ETF Holdings (Post-approval)...
2026-02-15 15:00:11,657 - WARNING - No ticker mapping for Bitcoin ETF Holdings (Post-approval), skipping...
2026-02-15 15:00:11,657 - WARNING - Skipping Bitcoin ETF Holdings (Post-approval) - no data retrieved
2026-02-15 15:00:11,658 - INFO - 
[57/528] Analyzing Bitcoin Energy Consumption Criticism...
2026-02-15 15:00:11,658 - WARNING - No ticker mapping for Bitcoin Energy Consumption Criticism, skipping...
2026-02-15 15:00:11,658 - WARNING - Skipping Bitcoin Energy Consumption Criticism - no data retrieved
2026-02-15 15:00:11,658 - INFO - 
[58/528] Analyzing Bitcoin Fear & Greed Index...
2026-02-15 15:00:11,658 - WARNING - No ticker mapping for Bitcoin Fear & Greed Index, skipping...
2026-02-15 15:00:11,658 - WARNING - Skipping Bitcoin Fear & Greed Index - no data retrieved
2026-02-15 15:00:11,658 - INFO - 
[59/528] Analyzing Bitcoin Halving Events...
2026-02-15 15:00:11,659 - WARNING - No ticker mapping for Bitcoin Halving Events, skipping...
2026-02-15 15:00:11,659 - WARNING - Skipping Bitcoin Halving Events - no data retrieved
2026-02-15 15:00:11,659 - INFO - 
[60/528] Analyzing Bitcoin Mentions Volume...
2026-02-15 15:00:11,659 - WARNING - No ticker mapping for Bitcoin Mentions Volume, skipping...
2026-02-15 15:00:11,659 - WARNING - Skipping Bitcoin Mentions Volume - no data retrieved
2026-02-15 15:00:11,659 - INFO - 
[61/528] Analyzing Bitcoin Options Volume (Deribit, CME)...
2026-02-15 15:00:11,659 - WARNING - No ticker mapping for Bitcoin Options Volume (Deribit, CME), skipping...
2026-02-15 15:00:11,659 - WARNING - Skipping Bitcoin Options Volume (Deribit, CME) - no data retrieved
2026-02-15 15:00:11,659 - INFO - 
[62/528] Analyzing Bitcoin Price on Major Exchanges...
2026-02-15 15:00:11,660 - WARNING - No ticker mapping for Bitcoin Price on Major Exchanges, skipping...
2026-02-15 15:00:11,660 - WARNING - Skipping Bitcoin Price on Major Exchanges - no data retrieved
2026-02-15 15:00:11,660 - INFO - 
[63/528] Analyzing Bitcoin SV (BSV)...
2026-02-15 15:00:11,660 - WARNING - No ticker mapping for Bitcoin SV (BSV), skipping...
2026-02-15 15:00:11,660 - WARNING - Skipping Bitcoin SV (BSV) - no data retrieved
2026-02-15 15:00:11,660 - INFO - 
[64/528] Analyzing Bitcoin Sentiment Index...
2026-02-15 15:00:11,660 - WARNING - No ticker mapping for Bitcoin Sentiment Index, skipping...
2026-02-15 15:00:11,660 - WARNING - Skipping Bitcoin Sentiment Index - no data retrieved
2026-02-15 15:00:11,661 - INFO - 
[65/528] Analyzing Bitcoin in Movies/TV Shows...
2026-02-15 15:00:11,661 - WARNING - No ticker mapping for Bitcoin in Movies/TV Shows, skipping...
2026-02-15 15:00:11,662 - WARNING - Skipping Bitcoin in Movies/TV Shows - no data retrieved
2026-02-15 15:00:11,662 - INFO - 
[66/528] Analyzing Bitcoin on Exchanges...
2026-02-15 15:00:11,662 - WARNING - No ticker mapping for Bitcoin on Exchanges, skipping...
2026-02-15 15:00:11,662 - WARNING - Skipping Bitcoin on Exchanges - no data retrieved
2026-02-15 15:00:11,662 - INFO - 
[67/528] Analyzing Blockchain Data...
2026-02-15 15:00:11,663 - WARNING - No ticker mapping for Blockchain Data, skipping...
2026-02-15 15:00:11,663 - WARNING - Skipping Blockchain Data - no data retrieved
2026-02-15 15:00:11,663 - INFO - 
[68/528] Analyzing Blockchain.com API...
2026-02-15 15:00:11,663 - WARNING - No ticker mapping for Blockchain.com API, skipping...
2026-02-15 15:00:11,663 - WARNING - Skipping Blockchain.com API - no data retrieved
2026-02-15 15:00:11,664 - INFO - 
[69/528] Analyzing Bloomberg Commodity Index...
2026-02-15 15:00:11,664 - WARNING - No ticker mapping for Bloomberg Commodity Index, skipping...
2026-02-15 15:00:11,664 - WARNING - Skipping Bloomberg Commodity Index - no data retrieved
2026-02-15 15:00:11,664 - INFO - 
[70/528] Analyzing Bloomberg Terminal / Refinitiv Eikon...
2026-02-15 15:00:11,664 - WARNING - No ticker mapping for Bloomberg Terminal / Refinitiv Eikon, skipping...
2026-02-15 15:00:11,664 - WARNING - Skipping Bloomberg Terminal / Refinitiv Eikon - no data retrieved
2026-02-15 15:00:11,664 - INFO - 
[71/528] Analyzing Brazilian Elections...
2026-02-15 15:00:11,665 - WARNING - No ticker mapping for Brazilian Elections, skipping...
2026-02-15 15:00:11,665 - WARNING - Skipping Brazilian Elections - no data retrieved
2026-02-15 15:00:11,665 - INFO - 
[72/528] Analyzing Breakeven Inflation Rates (5-year, 10-year)...
2026-02-15 15:00:11,665 - WARNING - No ticker mapping for Breakeven Inflation Rates (5-year, 10-year), skipping...
2026-02-15 15:00:11,665 - WARNING - Skipping Breakeven Inflation Rates (5-year, 10-year) - no data retrieved
2026-02-15 15:00:11,666 - INFO - 
[73/528] Analyzing Brexit Developments...
2026-02-15 15:00:11,666 - WARNING - No ticker mapping for Brexit Developments, skipping...
2026-02-15 15:00:11,666 - WARNING - Skipping Brexit Developments - no data retrieved
2026-02-15 15:00:11,667 - INFO - 
[74/528] Analyzing Bull/Bear Ratio in Surveys...
2026-02-15 15:00:11,670 - WARNING - No ticker mapping for Bull/Bear Ratio in Surveys, skipping...
2026-02-15 15:00:11,671 - WARNING - Skipping Bull/Bear Ratio in Surveys - no data retrieved
2026-02-15 15:00:11,674 - INFO - 
[75/528] Analyzing Business Sentiment...
2026-02-15 15:00:11,674 - WARNING - No ticker mapping for Business Sentiment, skipping...
2026-02-15 15:00:11,674 - WARNING - Skipping Business Sentiment - no data retrieved
2026-02-15 15:00:11,675 - INFO - 
[76/528] Analyzing CAC 40 (France)...
2026-02-15 15:00:11,675 - WARNING - No ticker mapping for CAC 40 (France), skipping...
2026-02-15 15:00:11,675 - WARNING - Skipping CAC 40 (France) - no data retrieved
2026-02-15 15:00:11,675 - INFO - 
[77/528] Analyzing CAD/USD...
2026-02-15 15:00:11,675 - WARNING - No ticker mapping for CAD/USD, skipping...
2026-02-15 15:00:11,676 - WARNING - Skipping CAD/USD - no data retrieved
2026-02-15 15:00:11,676 - INFO - 
[78/528] Analyzing CEO Confidence Index...
2026-02-15 15:00:11,676 - WARNING - No ticker mapping for CEO Confidence Index, skipping...
2026-02-15 15:00:11,676 - WARNING - Skipping CEO Confidence Index - no data retrieved
2026-02-15 15:00:11,677 - INFO - 
[79/528] Analyzing CFTC Oversight...
2026-02-15 15:00:11,677 - WARNING - No ticker mapping for CFTC Oversight, skipping...
2026-02-15 15:00:11,677 - WARNING - Skipping CFTC Oversight - no data retrieved
2026-02-15 15:00:11,677 - INFO - 
[80/528] Analyzing CHF/USD (Swiss Franc)...
2026-02-15 15:00:11,677 - WARNING - No ticker mapping for CHF/USD (Swiss Franc), skipping...
2026-02-15 15:00:11,677 - WARNING - Skipping CHF/USD (Swiss Franc) - no data retrieved
2026-02-15 15:00:11,678 - INFO - 
[81/528] Analyzing CME Bitcoin Futures Volume...
2026-02-15 15:00:11,678 - WARNING - No ticker mapping for CME Bitcoin Futures Volume, skipping...
2026-02-15 15:00:11,678 - WARNING - Skipping CME Bitcoin Futures Volume - no data retrieved
2026-02-15 15:00:11,678 - INFO - 
[82/528] Analyzing CME Group...
2026-02-15 15:00:11,679 - WARNING - No ticker mapping for CME Group, skipping...
2026-02-15 15:00:11,679 - WARNING - Skipping CME Group - no data retrieved
2026-02-15 15:00:11,679 - INFO - 
[83/528] Analyzing CME Open Interest...
2026-02-15 15:00:11,679 - WARNING - No ticker mapping for CME Open Interest, skipping...
2026-02-15 15:00:11,679 - WARNING - Skipping CME Open Interest - no data retrieved
2026-02-15 15:00:11,680 - INFO - 
[84/528] Analyzing COVID-19 Pandemic...
2026-02-15 15:00:11,680 - WARNING - No ticker mapping for COVID-19 Pandemic, skipping...
2026-02-15 15:00:11,680 - WARNING - Skipping COVID-19 Pandemic - no data retrieved
2026-02-15 15:00:11,680 - INFO - 
[85/528] Analyzing CPI (Consumer Price Index)...
2026-02-15 15:00:11,680 - WARNING - No ticker mapping for CPI (Consumer Price Index), skipping...
2026-02-15 15:00:11,680 - WARNING - Skipping CPI (Consumer Price Index) - no data retrieved
2026-02-15 15:00:11,680 - INFO - 
[86/528] Analyzing CRB Index...
2026-02-15 15:00:11,681 - WARNING - No ticker mapping for CRB Index, skipping...
2026-02-15 15:00:11,681 - WARNING - Skipping CRB Index - no data retrieved
2026-02-15 15:00:11,681 - INFO - 
[87/528] Analyzing Capacity Utilization (US)...
2026-02-15 15:00:11,681 - WARNING - No ticker mapping for Capacity Utilization (US), skipping...
2026-02-15 15:00:11,681 - WARNING - Skipping Capacity Utilization (US) - no data retrieved
2026-02-15 15:00:11,681 - INFO - 
[88/528] Analyzing Capital Control Implementations...
2026-02-15 15:00:11,681 - WARNING - No ticker mapping for Capital Control Implementations, skipping...
2026-02-15 15:00:11,681 - WARNING - Skipping Capital Control Implementations - no data retrieved
2026-02-15 15:00:11,681 - INFO - 
[89/528] Analyzing Carbon Footprint Estimates...
2026-02-15 15:00:11,682 - WARNING - No ticker mapping for Carbon Footprint Estimates, skipping...
2026-02-15 15:00:11,682 - WARNING - Skipping Carbon Footprint Estimates - no data retrieved
2026-02-15 15:00:11,682 - INFO - 
[90/528] Analyzing Cardano (ADA)...
2026-02-15 15:00:11,682 - WARNING - No ticker mapping for Cardano (ADA), skipping...
2026-02-15 15:00:11,682 - WARNING - Skipping Cardano (ADA) - no data retrieved
2026-02-15 15:00:11,682 - INFO - 
[91/528] Analyzing Case-Shiller Home Price Index...
2026-02-15 15:00:11,682 - WARNING - No ticker mapping for Case-Shiller Home Price Index, skipping...
2026-02-15 15:00:11,683 - WARNING - Skipping Case-Shiller Home Price Index - no data retrieved
2026-02-15 15:00:11,683 - INFO - 
[92/528] Analyzing Cathie Wood (ARK Invest) Comments...
2026-02-15 15:00:11,684 - WARNING - No ticker mapping for Cathie Wood (ARK Invest) Comments, skipping...
2026-02-15 15:00:11,684 - WARNING - Skipping Cathie Wood (ARK Invest) Comments - no data retrieved
2026-02-15 15:00:11,685 - INFO - 
[93/528] Analyzing Celebrity & Influencer Endorsements...
2026-02-15 15:00:11,685 - WARNING - No ticker mapping for Celebrity & Influencer Endorsements, skipping...
2026-02-15 15:00:11,685 - WARNING - Skipping Celebrity & Influencer Endorsements - no data retrieved
2026-02-15 15:00:11,685 - INFO - 
[94/528] Analyzing Central African Republic Bitcoin Adoption (reversed)...
2026-02-15 15:00:11,686 - WARNING - No ticker mapping for Central African Republic Bitcoin Adoption (reversed), skipping...
2026-02-15 15:00:11,686 - WARNING - Skipping Central African Republic Bitcoin Adoption (reversed) - no data retrieved
2026-02-15 15:00:11,686 - INFO - 
[95/528] Analyzing Central Bank Digital Currency (CBDC) Surveys...
2026-02-15 15:00:11,687 - WARNING - No ticker mapping for Central Bank Digital Currency (CBDC) Surveys, skipping...
2026-02-15 15:00:11,687 - WARNING - Skipping Central Bank Digital Currency (CBDC) Surveys - no data retrieved
2026-02-15 15:00:11,687 - INFO - 
[96/528] Analyzing Central Bank Research on Bitcoin...
2026-02-15 15:00:11,687 - WARNING - No ticker mapping for Central Bank Research on Bitcoin, skipping...
2026-02-15 15:00:11,688 - WARNING - Skipping Central Bank Research on Bitcoin - no data retrieved
2026-02-15 15:00:11,688 - INFO - 
[97/528] Analyzing China CBDC (Digital Yuan) Rollout...
2026-02-15 15:00:11,688 - WARNING - No ticker mapping for China CBDC (Digital Yuan) Rollout, skipping...
2026-02-15 15:00:11,689 - WARNING - Skipping China CBDC (Digital Yuan) Rollout - no data retrieved
2026-02-15 15:00:11,689 - INFO - 
[98/528] Analyzing China CPI...
2026-02-15 15:00:11,690 - WARNING - No ticker mapping for China CPI, skipping...
2026-02-15 15:00:11,690 - WARNING - Skipping China CPI - no data retrieved
2026-02-15 15:00:11,690 - INFO - 
[99/528] Analyzing China Caixin Manufacturing PMI...
2026-02-15 15:00:11,690 - WARNING - No ticker mapping for China Caixin Manufacturing PMI, skipping...
2026-02-15 15:00:11,690 - WARNING - Skipping China Caixin Manufacturing PMI - no data retrieved
2026-02-15 15:00:11,690 - INFO - 
[100/528] Analyzing China Crypto Bans/Crackdowns...
2026-02-15 15:00:11,690 - WARNING - No ticker mapping for China Crypto Bans/Crackdowns, skipping...
2026-02-15 15:00:11,691 - WARNING - Skipping China Crypto Bans/Crackdowns - no data retrieved
2026-02-15 15:00:11,691 - INFO - 
[101/528] Analyzing China GDP...
2026-02-15 15:00:11,691 - WARNING - No ticker mapping for China GDP, skipping...
2026-02-15 15:00:11,691 - WARNING - Skipping China GDP - no data retrieved
2026-02-15 15:00:11,691 - INFO - 
[102/528] Analyzing China Trade Balance...
2026-02-15 15:00:11,691 - WARNING - No ticker mapping for China Trade Balance, skipping...
2026-02-15 15:00:11,692 - WARNING - Skipping China Trade Balance - no data retrieved
2026-02-15 15:00:11,692 - INFO - 
[103/528] Analyzing China Urban Unemployment...
2026-02-15 15:00:11,692 - WARNING - No ticker mapping for China Urban Unemployment, skipping...
2026-02-15 15:00:11,692 - WARNING - Skipping China Urban Unemployment - no data retrieved
2026-02-15 15:00:11,692 - INFO - 
[104/528] Analyzing China-Taiwan Tensions...
2026-02-15 15:00:11,692 - WARNING - No ticker mapping for China-Taiwan Tensions, skipping...
2026-02-15 15:00:11,692 - WARNING - Skipping China-Taiwan Tensions - no data retrieved
2026-02-15 15:00:11,692 - INFO - 
[105/528] Analyzing Chinese New Year...
2026-02-15 15:00:11,693 - WARNING - No ticker mapping for Chinese New Year, skipping...
2026-02-15 15:00:11,693 - WARNING - Skipping Chinese New Year - no data retrieved
2026-02-15 15:00:11,693 - INFO - 
[106/528] Analyzing Circulating Supply...
2026-02-15 15:00:11,693 - WARNING - No ticker mapping for Circulating Supply, skipping...
2026-02-15 15:00:11,693 - WARNING - Skipping Circulating Supply - no data retrieved
2026-02-15 15:00:11,694 - INFO - 
[107/528] Analyzing Climate Events...
2026-02-15 15:00:11,694 - WARNING - No ticker mapping for Climate Events, skipping...
2026-02-15 15:00:11,694 - WARNING - Skipping Climate Events - no data retrieved
2026-02-15 15:00:11,694 - INFO - 
[108/528] Analyzing Coal Prices...
2026-02-15 15:00:11,695 - WARNING - No ticker mapping for Coal Prices, skipping...
2026-02-15 15:00:11,695 - WARNING - Skipping Coal Prices - no data retrieved
2026-02-15 15:00:11,695 - INFO - 
[109/528] Analyzing CoinDesk, Cointelegraph, The Block...
2026-02-15 15:00:11,695 - WARNING - No ticker mapping for CoinDesk, Cointelegraph, The Block, skipping...
2026-02-15 15:00:11,695 - WARNING - Skipping CoinDesk, Cointelegraph, The Block - no data retrieved
2026-02-15 15:00:11,696 - INFO - 
[110/528] Analyzing CoinDesk, Cointelegraph, The Block Coverage...
2026-02-15 15:00:11,696 - WARNING - No ticker mapping for CoinDesk, Cointelegraph, The Block Coverage, skipping...
2026-02-15 15:00:11,696 - WARNING - Skipping CoinDesk, Cointelegraph, The Block Coverage - no data retrieved
2026-02-15 15:00:11,696 - INFO - 
[111/528] Analyzing CoinGecko API...
2026-02-15 15:00:11,696 - WARNING - No ticker mapping for CoinGecko API, skipping...
2026-02-15 15:00:11,696 - WARNING - Skipping CoinGecko API - no data retrieved
2026-02-15 15:00:11,697 - INFO - 
[112/528] Analyzing CoinGecko/CoinMarketCap Traffic...
2026-02-15 15:00:11,697 - WARNING - No ticker mapping for CoinGecko/CoinMarketCap Traffic, skipping...
2026-02-15 15:00:11,697 - WARNING - Skipping CoinGecko/CoinMarketCap Traffic - no data retrieved
2026-02-15 15:00:11,697 - INFO - 
[113/528] Analyzing CoinMarketCap API...
2026-02-15 15:00:11,697 - WARNING - No ticker mapping for CoinMarketCap API, skipping...
2026-02-15 15:00:11,697 - WARNING - Skipping CoinMarketCap API - no data retrieved
2026-02-15 15:00:11,697 - INFO - 
[114/528] Analyzing CoinMetrics API...
2026-02-15 15:00:11,697 - WARNING - No ticker mapping for CoinMetrics API, skipping...
2026-02-15 15:00:11,698 - WARNING - Skipping CoinMetrics API - no data retrieved
2026-02-15 15:00:11,698 - INFO - 
[115/528] Analyzing Coinbase Custody Assets...
2026-02-15 15:00:11,698 - WARNING - No ticker mapping for Coinbase Custody Assets, skipping...
2026-02-15 15:00:11,698 - WARNING - Skipping Coinbase Custody Assets - no data retrieved
2026-02-15 15:00:11,699 - INFO - 
[116/528] Analyzing Commercial & Industrial Loans...
2026-02-15 15:00:11,699 - WARNING - No ticker mapping for Commercial & Industrial Loans, skipping...
2026-02-15 15:00:11,699 - WARNING - Skipping Commercial & Industrial Loans - no data retrieved
2026-02-15 15:00:11,699 - INFO - 
[117/528] Analyzing Commodity Currencies...
2026-02-15 15:00:11,699 - WARNING - No ticker mapping for Commodity Currencies, skipping...
2026-02-15 15:00:11,699 - WARNING - Skipping Commodity Currencies - no data retrieved
2026-02-15 15:00:11,700 - INFO - 
[118/528] Analyzing Commodity Indices...
2026-02-15 15:00:11,700 - WARNING - No ticker mapping for Commodity Indices, skipping...
2026-02-15 15:00:11,700 - WARNING - Skipping Commodity Indices - no data retrieved
2026-02-15 15:00:11,700 - INFO - 
[119/528] Analyzing Computing & Hardware...
2026-02-15 15:00:11,700 - WARNING - No ticker mapping for Computing & Hardware, skipping...
2026-02-15 15:00:11,700 - WARNING - Skipping Computing & Hardware - no data retrieved
2026-02-15 15:00:11,700 - INFO - 
[120/528] Analyzing Conference Board Consumer Confidence...
2026-02-15 15:00:11,700 - WARNING - No ticker mapping for Conference Board Consumer Confidence, skipping...
2026-02-15 15:00:11,701 - WARNING - Skipping Conference Board Consumer Confidence - no data retrieved
2026-02-15 15:00:11,701 - INFO - 
[121/528] Analyzing Congressional Hearings...
2026-02-15 15:00:11,701 - WARNING - No ticker mapping for Congressional Hearings, skipping...
2026-02-15 15:00:11,701 - WARNING - Skipping Congressional Hearings - no data retrieved
2026-02-15 15:00:11,701 - INFO - 
[122/528] Analyzing Consumer Confidence...
2026-02-15 15:00:11,702 - WARNING - No ticker mapping for Consumer Confidence, skipping...
2026-02-15 15:00:11,702 - WARNING - Skipping Consumer Confidence - no data retrieved
2026-02-15 15:00:11,702 - INFO - 
[123/528] Analyzing Consumer Expectations (UM sub-index)...
2026-02-15 15:00:11,702 - WARNING - No ticker mapping for Consumer Expectations (UM sub-index), skipping...
2026-02-15 15:00:11,703 - WARNING - Skipping Consumer Expectations (UM sub-index) - no data retrieved
2026-02-15 15:00:11,703 - INFO - 
[124/528] Analyzing Coordination & Manipulation Concerns...
2026-02-15 15:00:11,704 - WARNING - No ticker mapping for Coordination & Manipulation Concerns, skipping...
2026-02-15 15:00:11,704 - WARNING - Skipping Coordination & Manipulation Concerns - no data retrieved
2026-02-15 15:00:11,704 - INFO - 
[125/528] Analyzing Copper...
2026-02-15 15:00:11,704 - INFO - Fetching data for Copper (HG=F)...
2026-02-15 15:00:11,895 - INFO - Raw data type: <class 'pandas.core.frame.DataFrame'>, columns: [('Close', 'HG=F'), ('High', 'HG=F'), ('Low', 'HG=F'), ('Open', 'HG=F'), ('Volume', 'HG=F')]
2026-02-15 15:00:11,896 - INFO - After reset_index - columns: ['Date', 'Close', 'High', 'Low', 'Open', 'Volume']
2026-02-15 15:00:11,897 - INFO - Successfully fetched 1036 records for Copper
2026-02-15 15:00:12,456 - INFO - Saved visualization to BTC_Factor_Reports\chart_Copper.png
2026-02-15 15:00:12,761 - INFO - Created PDF report: BTC_Factor_Reports\BTC_vs_Copper.pdf
2026-02-15 15:00:12,766 - INFO - 
[126/528] Analyzing Core CPI (ex-food & energy)...
2026-02-15 15:00:12,766 - WARNING - No ticker mapping for Core CPI (ex-food & energy), skipping...
2026-02-15 15:00:12,766 - WARNING - Skipping Core CPI (ex-food & energy) - no data retrieved
2026-02-15 15:00:12,767 - INFO - 
[127/528] Analyzing Core PCE...
2026-02-15 15:00:12,767 - WARNING - No ticker mapping for Core PCE, skipping...
2026-02-15 15:00:12,768 - WARNING - Skipping Core PCE - no data retrieved
2026-02-15 15:00:12,768 - INFO - 
[128/528] Analyzing Corn, Wheat, Soybeans...
2026-02-15 15:00:12,768 - WARNING - No ticker mapping for Corn, Wheat, Soybeans, skipping...
2026-02-15 15:00:12,768 - WARNING - Skipping Corn, Wheat, Soybeans - no data retrieved
2026-02-15 15:00:12,768 - INFO - 
[129/528] Analyzing Corporate Bonds...
2026-02-15 15:00:12,768 - WARNING - No ticker mapping for Corporate Bonds, skipping...
2026-02-15 15:00:12,770 - WARNING - Skipping Corporate Bonds - no data retrieved
2026-02-15 15:00:12,770 - INFO - 
[130/528] Analyzing Coup Attempts/Political Instability...
2026-02-15 15:00:12,770 - WARNING - No ticker mapping for Coup Attempts/Political Instability, skipping...
2026-02-15 15:00:12,770 - WARNING - Skipping Coup Attempts/Political Instability - no data retrieved
2026-02-15 15:00:12,771 - INFO - 
[131/528] Analyzing Crude Oil (WTI & Brent)...
2026-02-15 15:00:12,771 - WARNING - No ticker mapping for Crude Oil (WTI & Brent), skipping...
2026-02-15 15:00:12,771 - WARNING - Skipping Crude Oil (WTI & Brent) - no data retrieved
2026-02-15 15:00:12,771 - INFO - 
[132/528] Analyzing Crude Oil (WTI)...
2026-02-15 15:00:12,771 - INFO - Fetching data for Crude Oil (WTI) (CL=F)...
2026-02-15 15:00:12,929 - INFO - Raw data type: <class 'pandas.core.frame.DataFrame'>, columns: [('Close', 'CL=F'), ('High', 'CL=F'), ('Low', 'CL=F'), ('Open', 'CL=F'), ('Volume', 'CL=F')]
2026-02-15 15:00:12,929 - INFO - After reset_index - columns: ['Date', 'Close', 'High', 'Low', 'Open', 'Volume']
2026-02-15 15:00:12,931 - INFO - Successfully fetched 1035 records for Crude Oil (WTI)
2026-02-15 15:00:13,483 - INFO - Saved visualization to BTC_Factor_Reports\chart_Crude_Oil__WTI_.png
2026-02-15 15:00:13,796 - INFO - Created PDF report: BTC_Factor_Reports\BTC_vs_Crude_Oil__WTI_.pdf
2026-02-15 15:00:13,800 - INFO - 
[133/528] Analyzing Crypto Exchange App Rankings...
2026-02-15 15:00:13,801 - WARNING - No ticker mapping for Crypto Exchange App Rankings, skipping...
2026-02-15 15:00:13,801 - WARNING - Skipping Crypto Exchange App Rankings - no data retrieved
2026-02-15 15:00:13,801 - INFO - 
[134/528] Analyzing Crypto Fear & Greed Index...
2026-02-15 15:00:13,801 - WARNING - No ticker mapping for Crypto Fear & Greed Index, skipping...
2026-02-15 15:00:13,801 - WARNING - Skipping Crypto Fear & Greed Index - no data retrieved
2026-02-15 15:00:13,801 - INFO - 
[135/528] Analyzing Crypto Ownership by Country...
2026-02-15 15:00:13,802 - WARNING - No ticker mapping for Crypto Ownership by Country, skipping...
2026-02-15 15:00:13,802 - WARNING - Skipping Crypto Ownership by Country - no data retrieved
2026-02-15 15:00:13,802 - INFO - 
[136/528] Analyzing Crypto Podcast Mentions...
2026-02-15 15:00:13,802 - WARNING - No ticker mapping for Crypto Podcast Mentions, skipping...
2026-02-15 15:00:13,803 - WARNING - Skipping Crypto Podcast Mentions - no data retrieved
2026-02-15 15:00:13,803 - INFO - 
[137/528] Analyzing Crypto Twitter Engagement...
2026-02-15 15:00:13,803 - WARNING - No ticker mapping for Crypto Twitter Engagement, skipping...
2026-02-15 15:00:13,803 - WARNING - Skipping Crypto Twitter Engagement - no data retrieved
2026-02-15 15:00:13,803 - INFO - 
[138/528] Analyzing Crypto Wallet Downloads...
2026-02-15 15:00:13,804 - WARNING - No ticker mapping for Crypto Wallet Downloads, skipping...
2026-02-15 15:00:13,804 - WARNING - Skipping Crypto Wallet Downloads - no data retrieved
2026-02-15 15:00:13,804 - INFO - 
[139/528] Analyzing Crypto-Specific Media...
2026-02-15 15:00:13,805 - WARNING - No ticker mapping for Crypto-Specific Media, skipping...
2026-02-15 15:00:13,806 - WARNING - Skipping Crypto-Specific Media - no data retrieved
2026-02-15 15:00:13,806 - INFO - 
[140/528] Analyzing Crypto-Themed Events (Bitcoin Conference, etc.)...
2026-02-15 15:00:13,806 - WARNING - No ticker mapping for Crypto-Themed Events (Bitcoin Conference, etc.), skipping...
2026-02-15 15:00:13,806 - WARNING - Skipping Crypto-Themed Events (Bitcoin Conference, etc.) - no data retrieved
2026-02-15 15:00:13,806 - INFO - 
[141/528] Analyzing CryptoQuant API...
2026-02-15 15:00:13,807 - WARNING - No ticker mapping for CryptoQuant API, skipping...
2026-02-15 15:00:13,807 - WARNING - Skipping CryptoQuant API - no data retrieved
2026-02-15 15:00:13,808 - INFO - 
[142/528] Analyzing Cryptocurrency Data...
2026-02-15 15:00:13,808 - WARNING - No ticker mapping for Cryptocurrency Data, skipping...
2026-02-15 15:00:13,808 - WARNING - Skipping Cryptocurrency Data - no data retrieved
2026-02-15 15:00:13,808 - INFO - 
[143/528] Analyzing Currency Crises...
2026-02-15 15:00:13,808 - WARNING - No ticker mapping for Currency Crises, skipping...
2026-02-15 15:00:13,809 - WARNING - Skipping Currency Crises - no data retrieved
2026-02-15 15:00:13,809 - INFO - 
[144/528] Analyzing Current Account Balances (Major Economies)...
2026-02-15 15:00:13,809 - WARNING - No ticker mapping for Current Account Balances (Major Economies), skipping...
2026-02-15 15:00:13,809 - WARNING - Skipping Current Account Balances (Major Economies) - no data retrieved
2026-02-15 15:00:13,809 - INFO - 
[145/528] Analyzing DAI Market Cap...
2026-02-15 15:00:13,810 - WARNING - No ticker mapping for DAI Market Cap, skipping...
2026-02-15 15:00:13,810 - WARNING - Skipping DAI Market Cap - no data retrieved
2026-02-15 15:00:13,810 - INFO - 
[146/528] Analyzing DAX (Germany)...
2026-02-15 15:00:13,810 - WARNING - No ticker mapping for DAX (Germany), skipping...
2026-02-15 15:00:13,810 - WARNING - Skipping DAX (Germany) - no data retrieved
2026-02-15 15:00:13,811 - INFO - 
[147/528] Analyzing DXY (US Dollar Index)...
2026-02-15 15:00:13,811 - INFO - Fetching data for DXY (US Dollar Index) (DXY=F)...
2026-02-15 15:00:14,424 - ERROR - HTTP Error 404: {"quoteSummary":{"result":null,"error":{"code":"Not Found","description":"Quote not found for symbol: DXY=F"}}}
2026-02-15 15:00:14,589 - ERROR - $DXY=F: possibly delisted; no timezone found
2026-02-15 15:00:14,594 - ERROR - 
1 Failed download:
2026-02-15 15:00:14,595 - ERROR - ['DXY=F']: possibly delisted; no timezone found
2026-02-15 15:00:14,599 - WARNING - No data retrieved for DXY (US Dollar Index)
2026-02-15 15:00:14,600 - WARNING - Skipping DXY (US Dollar Index) - no data retrieved
2026-02-15 15:00:14,603 - INFO - 
[148/528] Analyzing Daily...
2026-02-15 15:00:14,603 - WARNING - No ticker mapping for Daily, skipping...
2026-02-15 15:00:14,604 - WARNING - Skipping Daily - no data retrieved
2026-02-15 15:00:14,604 - INFO - 
[149/528] Analyzing Daily Transaction Volume...
2026-02-15 15:00:14,604 - WARNING - No ticker mapping for Daily Transaction Volume, skipping...
2026-02-15 15:00:14,604 - WARNING - Skipping Daily Transaction Volume - no data retrieved
2026-02-15 15:00:14,604 - INFO - 
[150/528] Analyzing DeFi & Lending Platforms...
2026-02-15 15:00:14,604 - WARNING - No ticker mapping for DeFi & Lending Platforms, skipping...
2026-02-15 15:00:14,605 - WARNING - Skipping DeFi & Lending Platforms - no data retrieved
2026-02-15 15:00:14,605 - INFO - 
[151/528] Analyzing DeFi Protocol Exploits...
2026-02-15 15:00:14,605 - WARNING - No ticker mapping for DeFi Protocol Exploits, skipping...
2026-02-15 15:00:14,606 - WARNING - Skipping DeFi Protocol Exploits - no data retrieved
2026-02-15 15:00:14,606 - INFO - 
[152/528] Analyzing DeFi Protocol Launches...
2026-02-15 15:00:14,606 - WARNING - No ticker mapping for DeFi Protocol Launches, skipping...
2026-02-15 15:00:14,606 - WARNING - Skipping DeFi Protocol Launches - no data retrieved
2026-02-15 15:00:14,606 - INFO - 
[153/528] Analyzing DeFi Tokens...
2026-02-15 15:00:14,607 - WARNING - No ticker mapping for DeFi Tokens, skipping...
2026-02-15 15:00:14,607 - WARNING - Skipping DeFi Tokens - no data retrieved
2026-02-15 15:00:14,608 - INFO - 
[154/528] Analyzing Debt Ceiling Debates (US)...
2026-02-15 15:00:14,608 - WARNING - No ticker mapping for Debt Ceiling Debates (US), skipping...
2026-02-15 15:00:14,608 - WARNING - Skipping Debt Ceiling Debates (US) - no data retrieved
2026-02-15 15:00:14,608 - INFO - 
[155/528] Analyzing Deribit API...
2026-02-15 15:00:14,608 - WARNING - No ticker mapping for Deribit API, skipping...
2026-02-15 15:00:14,609 - WARNING - Skipping Deribit API - no data retrieved
2026-02-15 15:00:14,609 - INFO - 
[156/528] Analyzing Developer Activity (GitHub Commits)...
2026-02-15 15:00:14,609 - WARNING - No ticker mapping for Developer Activity (GitHub Commits), skipping...
2026-02-15 15:00:14,609 - WARNING - Skipping Developer Activity (GitHub Commits) - no data retrieved
2026-02-15 15:00:14,609 - INFO - 
[157/528] Analyzing Direct Competitors...
2026-02-15 15:00:14,609 - WARNING - No ticker mapping for Direct Competitors, skipping...
2026-02-15 15:00:14,609 - WARNING - Skipping Direct Competitors - no data retrieved
2026-02-15 15:00:14,609 - INFO - 
[158/528] Analyzing Discord Server Activity...
2026-02-15 15:00:14,610 - WARNING - No ticker mapping for Discord Server Activity, skipping...
2026-02-15 15:00:14,610 - WARNING - Skipping Discord Server Activity - no data retrieved
2026-02-15 15:00:14,610 - INFO - 
[159/528] Analyzing Dormant Coins Awakening (Old addresses moving)...
2026-02-15 15:00:14,610 - WARNING - No ticker mapping for Dormant Coins Awakening (Old addresses moving), skipping...
2026-02-15 15:00:14,610 - WARNING - Skipping Dormant Coins Awakening (Old addresses moving) - no data retrieved
2026-02-15 15:00:14,610 - INFO - 
[160/528] Analyzing Dow Jones Industrial Average...
2026-02-15 15:00:14,611 - INFO - Fetching data for Dow Jones Industrial Average (^DJI)...
2026-02-15 15:00:14,783 - INFO - Raw data type: <class 'pandas.core.frame.DataFrame'>, columns: [('Close', '^DJI'), ('High', '^DJI'), ('Low', '^DJI'), ('Open', '^DJI'), ('Volume', '^DJI')]
2026-02-15 15:00:14,784 - INFO - After reset_index - columns: ['Date', 'Close', 'High', 'Low', 'Open', 'Volume']
2026-02-15 15:00:14,786 - INFO - Successfully fetched 1033 records for Dow Jones Industrial Average
2026-02-15 15:00:15,320 - INFO - Saved visualization to BTC_Factor_Reports\chart_Dow_Jones_Industrial_Average.png
2026-02-15 15:00:15,630 - INFO - Created PDF report: BTC_Factor_Reports\BTC_vs_Dow_Jones_Industrial_Average.pdf
2026-02-15 15:00:15,635 - INFO - 
[161/528] Analyzing Droughts (Hydroelectric Power)...
2026-02-15 15:00:15,636 - WARNING - No ticker mapping for Droughts (Hydroelectric Power), skipping...
2026-02-15 15:00:15,636 - WARNING - Skipping Droughts (Hydroelectric Power) - no data retrieved
2026-02-15 15:00:15,637 - INFO - 
[162/528] Analyzing ECB Asset Purchase Programs...
2026-02-15 15:00:15,637 - WARNING - No ticker mapping for ECB Asset Purchase Programs, skipping...
2026-02-15 15:00:15,637 - WARNING - Skipping ECB Asset Purchase Programs - no data retrieved
2026-02-15 15:00:15,637 - INFO - 
[163/528] Analyzing ECB Deposit Rate...
2026-02-15 15:00:15,637 - WARNING - No ticker mapping for ECB Deposit Rate, skipping...
2026-02-15 15:00:15,637 - WARNING - Skipping ECB Deposit Rate - no data retrieved
2026-02-15 15:00:15,637 - INFO - 
[164/528] Analyzing ECB Digital Euro Development...
2026-02-15 15:00:15,637 - WARNING - No ticker mapping for ECB Digital Euro Development, skipping...
2026-02-15 15:00:15,637 - WARNING - Skipping ECB Digital Euro Development - no data retrieved
2026-02-15 15:00:15,637 - INFO - 
[165/528] Analyzing ECB Policy Meetings...
2026-02-15 15:00:15,638 - WARNING - No ticker mapping for ECB Policy Meetings, skipping...
2026-02-15 15:00:15,638 - WARNING - Skipping ECB Policy Meetings - no data retrieved
2026-02-15 15:00:15,638 - INFO - 
[166/528] Analyzing ECB President Speeches (Lagarde)...
2026-02-15 15:00:15,638 - WARNING - No ticker mapping for ECB President Speeches (Lagarde), skipping...
2026-02-15 15:00:15,638 - WARNING - Skipping ECB President Speeches (Lagarde) - no data retrieved
2026-02-15 15:00:15,638 - INFO - 
[167/528] Analyzing ETF Daily Flows...
2026-02-15 15:00:15,638 - WARNING - No ticker mapping for ETF Daily Flows, skipping...
2026-02-15 15:00:15,638 - WARNING - Skipping ETF Daily Flows - no data retrieved
2026-02-15 15:00:15,638 - INFO - 
[168/528] Analyzing EU Parliament Elections...
2026-02-15 15:00:15,639 - WARNING - No ticker mapping for EU Parliament Elections, skipping...
2026-02-15 15:00:15,639 - WARNING - Skipping EU Parliament Elections - no data retrieved
2026-02-15 15:00:15,639 - INFO - 
[169/528] Analyzing EUR/USD...
2026-02-15 15:00:15,639 - INFO - Fetching data for EUR/USD (EURUSD=X)...
2026-02-15 15:00:15,829 - INFO - Raw data type: <class 'pandas.core.frame.DataFrame'>, columns: [('Close', 'EURUSD=X'), ('High', 'EURUSD=X'), ('Low', 'EURUSD=X'), ('Open', 'EURUSD=X'), ('Volume', 'EURUSD=X')]
2026-02-15 15:00:15,829 - INFO - After reset_index - columns: ['Date', 'Close', 'High', 'Low', 'Open', 'Volume']
2026-02-15 15:00:15,831 - INFO - Successfully fetched 1070 records for EUR/USD
2026-02-15 15:00:16,387 - INFO - Saved visualization to BTC_Factor_Reports\chart_EUR_USD.png
2026-02-15 15:00:16,705 - INFO - Created PDF report: BTC_Factor_Reports\BTC_vs_EUR_USD.pdf
2026-02-15 15:00:16,710 - INFO - 
[170/528] Analyzing El Salvador Bitcoin Legal Tender...
2026-02-15 15:00:16,710 - WARNING - No ticker mapping for El Salvador Bitcoin Legal Tender, skipping...
2026-02-15 15:00:16,710 - WARNING - Skipping El Salvador Bitcoin Legal Tender - no data retrieved
2026-02-15 15:00:16,710 - INFO - 
[171/528] Analyzing Electricity Prices (Regional)...
2026-02-15 15:00:16,711 - WARNING - No ticker mapping for Electricity Prices (Regional), skipping...
2026-02-15 15:00:16,711 - WARNING - Skipping Electricity Prices (Regional) - no data retrieved
2026-02-15 15:00:16,712 - INFO - 
[172/528] Analyzing Electricity Rates (Global/Regional)...
2026-02-15 15:00:16,712 - WARNING - No ticker mapping for Electricity Rates (Global/Regional), skipping...
2026-02-15 15:00:16,712 - WARNING - Skipping Electricity Rates (Global/Regional) - no data retrieved
2026-02-15 15:00:16,712 - INFO - 
[173/528] Analyzing Elon Musk Tweets...
2026-02-15 15:00:16,712 - WARNING - No ticker mapping for Elon Musk Tweets, skipping...
2026-02-15 15:00:16,712 - WARNING - Skipping Elon Musk Tweets - no data retrieved
2026-02-15 15:00:16,712 - INFO - 
[174/528] Analyzing Emerging Market Currencies...
2026-02-15 15:00:16,713 - WARNING - No ticker mapping for Emerging Market Currencies, skipping...
2026-02-15 15:00:16,713 - WARNING - Skipping Emerging Market Currencies - no data retrieved
2026-02-15 15:00:16,713 - INFO - 
[175/528] Analyzing Emerging Market Elections...
2026-02-15 15:00:16,713 - WARNING - No ticker mapping for Emerging Market Elections, skipping...
2026-02-15 15:00:16,713 - WARNING - Skipping Emerging Market Elections - no data retrieved
2026-02-15 15:00:16,713 - INFO - 
[176/528] Analyzing Emerging Markets...
2026-02-15 15:00:16,713 - WARNING - No ticker mapping for Emerging Markets, skipping...
2026-02-15 15:00:16,714 - WARNING - Skipping Emerging Markets - no data retrieved
2026-02-15 15:00:16,714 - INFO - 
[177/528] Analyzing Energy...
2026-02-15 15:00:16,714 - WARNING - No ticker mapping for Energy, skipping...
2026-02-15 15:00:16,714 - WARNING - Skipping Energy - no data retrieved
2026-02-15 15:00:16,714 - INFO - 
[178/528] Analyzing Energy Prices...
2026-02-15 15:00:16,714 - WARNING - No ticker mapping for Energy Prices, skipping...
2026-02-15 15:00:16,715 - WARNING - Skipping Energy Prices - no data retrieved
2026-02-15 15:00:16,715 - INFO - 
[179/528] Analyzing Environmental Concerns...
2026-02-15 15:00:16,715 - WARNING - No ticker mapping for Environmental Concerns, skipping...
2026-02-15 15:00:16,715 - WARNING - Skipping Environmental Concerns - no data retrieved
2026-02-15 15:00:16,715 - INFO - 
[180/528] Analyzing Ethereum (ETH)...
2026-02-15 15:00:16,715 - INFO - Fetching data for Ethereum (ETH) (ETH-USD)...
2026-02-15 15:00:16,909 - INFO - Raw data type: <class 'pandas.core.frame.DataFrame'>, columns: [('Close', 'ETH-USD'), ('High', 'ETH-USD'), ('Low', 'ETH-USD'), ('Open', 'ETH-USD'), ('Volume', 'ETH-USD')]
2026-02-15 15:00:16,911 - INFO - After reset_index - columns: ['Date', 'Close', 'High', 'Low', 'Open', 'Volume']
2026-02-15 15:00:16,913 - INFO - Successfully fetched 1506 records for Ethereum (ETH)
2026-02-15 15:00:17,539 - INFO - Saved visualization to BTC_Factor_Reports\chart_Ethereum__ETH_.png
2026-02-15 15:00:17,850 - INFO - Created PDF report: BTC_Factor_Reports\BTC_vs_Ethereum__ETH_.pdf
2026-02-15 15:00:17,854 - INFO - 
[181/528] Analyzing Ethereum Upgrades (The Merge, Dencun, etc.)...
2026-02-15 15:00:17,854 - WARNING - No ticker mapping for Ethereum Upgrades (The Merge, Dencun, etc.), skipping...
2026-02-15 15:00:17,854 - WARNING - Skipping Ethereum Upgrades (The Merge, Dencun, etc.) - no data retrieved
2026-02-15 15:00:17,854 - INFO - 
[182/528] Analyzing European Central Bank...
2026-02-15 15:00:17,854 - WARNING - No ticker mapping for European Central Bank, skipping...
2026-02-15 15:00:17,855 - WARNING - Skipping European Central Bank - no data retrieved
2026-02-15 15:00:17,855 - INFO - 
[183/528] Analyzing European Indices...
2026-02-15 15:00:17,855 - WARNING - No ticker mapping for European Indices, skipping...
2026-02-15 15:00:17,855 - WARNING - Skipping European Indices - no data retrieved
2026-02-15 15:00:17,855 - INFO - 
[184/528] Analyzing European Union...
2026-02-15 15:00:17,855 - WARNING - No ticker mapping for European Union, skipping...
2026-02-15 15:00:17,855 - WARNING - Skipping European Union - no data retrieved
2026-02-15 15:00:17,856 - INFO - 
[185/528] Analyzing Eurozone GDP...
2026-02-15 15:00:17,856 - WARNING - No ticker mapping for Eurozone GDP, skipping...
2026-02-15 15:00:17,856 - WARNING - Skipping Eurozone GDP - no data retrieved
2026-02-15 15:00:17,856 - INFO - 
[186/528] Analyzing Eurozone HICP (Harmonized Index of Consumer Prices)...
2026-02-15 15:00:17,856 - WARNING - No ticker mapping for Eurozone HICP (Harmonized Index of Consumer Prices), skipping...
2026-02-15 15:00:17,857 - WARNING - Skipping Eurozone HICP (Harmonized Index of Consumer Prices) - no data retrieved
2026-02-15 15:00:17,857 - INFO - 
[187/528] Analyzing Eurozone Manufacturing PMI...
2026-02-15 15:00:17,857 - WARNING - No ticker mapping for Eurozone Manufacturing PMI, skipping...
2026-02-15 15:00:17,857 - WARNING - Skipping Eurozone Manufacturing PMI - no data retrieved
2026-02-15 15:00:17,857 - INFO - 
[188/528] Analyzing Eurozone Unemployment Rate...
2026-02-15 15:00:17,857 - WARNING - No ticker mapping for Eurozone Unemployment Rate, skipping...
2026-02-15 15:00:17,857 - WARNING - Skipping Eurozone Unemployment Rate - no data retrieved
2026-02-15 15:00:17,857 - INFO - 
[189/528] Analyzing Event-Driven...
2026-02-15 15:00:17,858 - WARNING - No ticker mapping for Event-Driven, skipping...
2026-02-15 15:00:17,858 - WARNING - Skipping Event-Driven - no data retrieved
2026-02-15 15:00:17,858 - INFO - 
[190/528] Analyzing Exchange APIs...
2026-02-15 15:00:17,858 - WARNING - No ticker mapping for Exchange APIs, skipping...
2026-02-15 15:00:17,858 - WARNING - Skipping Exchange APIs - no data retrieved
2026-02-15 15:00:17,858 - INFO - 
[191/528] Analyzing Exchange Bankruptcies...
2026-02-15 15:00:17,858 - WARNING - No ticker mapping for Exchange Bankruptcies, skipping...
2026-02-15 15:00:17,858 - WARNING - Skipping Exchange Bankruptcies - no data retrieved
2026-02-15 15:00:17,858 - INFO - 
[192/528] Analyzing Exchange Dynamics...
2026-02-15 15:00:17,859 - WARNING - No ticker mapping for Exchange Dynamics, skipping...
2026-02-15 15:00:17,859 - WARNING - Skipping Exchange Dynamics - no data retrieved
2026-02-15 15:00:17,859 - INFO - 
[193/528] Analyzing Exchange Flows...
2026-02-15 15:00:17,859 - WARNING - No ticker mapping for Exchange Flows, skipping...
2026-02-15 15:00:17,859 - WARNING - Skipping Exchange Flows - no data retrieved
2026-02-15 15:00:17,859 - INFO - 
[194/528] Analyzing Exchange Hacks...
2026-02-15 15:00:17,859 - WARNING - No ticker mapping for Exchange Hacks, skipping...
2026-02-15 15:00:17,859 - WARNING - Skipping Exchange Hacks - no data retrieved
2026-02-15 15:00:17,859 - INFO - 
[195/528] Analyzing Exchange Inflows...
2026-02-15 15:00:17,860 - WARNING - No ticker mapping for Exchange Inflows, skipping...
2026-02-15 15:00:17,860 - WARNING - Skipping Exchange Inflows - no data retrieved
2026-02-15 15:00:17,860 - INFO - 
[196/528] Analyzing Exchange Netflows (Inflows - Outflows)...
2026-02-15 15:00:17,860 - WARNING - No ticker mapping for Exchange Netflows (Inflows - Outflows), skipping...
2026-02-15 15:00:17,860 - WARNING - Skipping Exchange Netflows (Inflows - Outflows) - no data retrieved
2026-02-15 15:00:17,860 - INFO - 
[197/528] Analyzing Exchange Operations...
2026-02-15 15:00:17,860 - WARNING - No ticker mapping for Exchange Operations, skipping...
2026-02-15 15:00:17,860 - WARNING - Skipping Exchange Operations - no data retrieved
2026-02-15 15:00:17,861 - INFO - 
[198/528] Analyzing Exchange Outages...
2026-02-15 15:00:17,861 - WARNING - No ticker mapping for Exchange Outages, skipping...
2026-02-15 15:00:17,861 - WARNING - Skipping Exchange Outages - no data retrieved
2026-02-15 15:00:17,861 - INFO - 
[199/528] Analyzing Exchange Outflows...
2026-02-15 15:00:17,861 - WARNING - No ticker mapping for Exchange Outflows, skipping...
2026-02-15 15:00:17,862 - WARNING - Skipping Exchange Outflows - no data retrieved
2026-02-15 15:00:17,862 - INFO - 
[200/528] Analyzing Exchange Proof of Reserves...
2026-02-15 15:00:17,862 - WARNING - No ticker mapping for Exchange Proof of Reserves, skipping...
2026-02-15 15:00:17,862 - WARNING - Skipping Exchange Proof of Reserves - no data retrieved
2026-02-15 15:00:17,862 - INFO - 
[201/528] Analyzing Exchange Reserves by Individual Exchange...
2026-02-15 15:00:17,862 - WARNING - No ticker mapping for Exchange Reserves by Individual Exchange, skipping...
2026-02-15 15:00:17,862 - WARNING - Skipping Exchange Reserves by Individual Exchange - no data retrieved
2026-02-15 15:00:17,863 - INFO - 
[202/528] Analyzing Exchange Supply...
2026-02-15 15:00:17,863 - WARNING - No ticker mapping for Exchange Supply, skipping...
2026-02-15 15:00:17,863 - WARNING - Skipping Exchange Supply - no data retrieved
2026-02-15 15:00:17,863 - INFO - 
[203/528] Analyzing Exchange Token Burns (BNB, etc.)...
2026-02-15 15:00:17,863 - WARNING - No ticker mapping for Exchange Token Burns (BNB, etc.), skipping...
2026-02-15 15:00:17,863 - WARNING - Skipping Exchange Token Burns (BNB, etc.) - no data retrieved
2026-02-15 15:00:17,863 - INFO - 
[204/528] Analyzing Existential Risks...
2026-02-15 15:00:17,863 - WARNING - No ticker mapping for Existential Risks, skipping...
2026-02-15 15:00:17,863 - WARNING - Skipping Existential Risks - no data retrieved
2026-02-15 15:00:17,864 - INFO - 
[205/528] Analyzing Extreme Weather Events...
2026-02-15 15:00:17,864 - WARNING - No ticker mapping for Extreme Weather Events, skipping...
2026-02-15 15:00:17,864 - WARNING - Skipping Extreme Weather Events - no data retrieved
2026-02-15 15:00:17,864 - INFO - 
[206/528] Analyzing FATF (Financial Action Task Force) Guidelines...
2026-02-15 15:00:17,864 - WARNING - No ticker mapping for FATF (Financial Action Task Force) Guidelines, skipping...
2026-02-15 15:00:17,864 - WARNING - Skipping FATF (Financial Action Task Force) Guidelines - no data retrieved
2026-02-15 15:00:17,864 - INFO - 
[207/528] Analyzing FOMC Meeting Statements...
2026-02-15 15:00:17,865 - WARNING - No ticker mapping for FOMC Meeting Statements, skipping...
2026-02-15 15:00:17,865 - WARNING - Skipping FOMC Meeting Statements - no data retrieved
2026-02-15 15:00:17,865 - INFO - 
[208/528] Analyzing FTSE 100 (UK)...
2026-02-15 15:00:17,865 - WARNING - No ticker mapping for FTSE 100 (UK), skipping...
2026-02-15 15:00:17,866 - WARNING - Skipping FTSE 100 (UK) - no data retrieved
2026-02-15 15:00:17,866 - INFO - 
[209/528] Analyzing Fed Balance Sheet Size...
2026-02-15 15:00:17,867 - WARNING - No ticker mapping for Fed Balance Sheet Size, skipping...
2026-02-15 15:00:17,867 - WARNING - Skipping Fed Balance Sheet Size - no data retrieved
2026-02-15 15:00:17,867 - INFO - 
[210/528] Analyzing Fed Chair Speeches (Powell)...
2026-02-15 15:00:17,867 - WARNING - No ticker mapping for Fed Chair Speeches (Powell), skipping...
2026-02-15 15:00:17,867 - WARNING - Skipping Fed Chair Speeches (Powell) - no data retrieved
2026-02-15 15:00:17,867 - INFO - 
[211/528] Analyzing Fed Dot Plot (Rate Projections)...
2026-02-15 15:00:17,868 - WARNING - No ticker mapping for Fed Dot Plot (Rate Projections), skipping...
2026-02-15 15:00:17,868 - WARNING - Skipping Fed Dot Plot (Rate Projections) - no data retrieved
2026-02-15 15:00:17,868 - INFO - 
[212/528] Analyzing Fed Reverse Repo Operations...
2026-02-15 15:00:17,868 - WARNING - No ticker mapping for Fed Reverse Repo Operations, skipping...
2026-02-15 15:00:17,868 - WARNING - Skipping Fed Reverse Repo Operations - no data retrieved
2026-02-15 15:00:17,868 - INFO - 
[213/528] Analyzing Federal Funds Rate...
2026-02-15 15:00:17,868 - WARNING - No ticker mapping for Federal Funds Rate, skipping...
2026-02-15 15:00:17,868 - WARNING - Skipping Federal Funds Rate - no data retrieved
2026-02-15 15:00:17,869 - INFO - 
[214/528] Analyzing Federal Reserve...
2026-02-15 15:00:17,869 - WARNING - No ticker mapping for Federal Reserve, skipping...
2026-02-15 15:00:17,869 - WARNING - Skipping Federal Reserve - no data retrieved
2026-02-15 15:00:17,869 - INFO - 
[215/528] Analyzing Federal Reserve Economic Data (FRED)...
2026-02-15 15:00:17,869 - WARNING - No ticker mapping for Federal Reserve Economic Data (FRED), skipping...
2026-02-15 15:00:17,869 - WARNING - Skipping Federal Reserve Economic Data (FRED) - no data retrieved
2026-02-15 15:00:17,869 - INFO - 
[216/528] Analyzing Federal Reserve Rate Expectations (Fed Futures)...
2026-02-15 15:00:17,869 - WARNING - No ticker mapping for Federal Reserve Rate Expectations (Fed Futures), skipping...
2026-02-15 15:00:17,869 - WARNING - Skipping Federal Reserve Rate Expectations (Fed Futures) - no data retrieved
2026-02-15 15:00:17,870 - INFO - 
[217/528] Analyzing Financial Markets...
2026-02-15 15:00:17,870 - WARNING - No ticker mapping for Financial Markets, skipping...
2026-02-15 15:00:17,870 - WARNING - Skipping Financial Markets - no data retrieved
2026-02-15 15:00:17,870 - INFO - 
[218/528] Analyzing Fitch/Moody's/S&P Crypto Ratings...
2026-02-15 15:00:17,871 - WARNING - No ticker mapping for Fitch/Moody's/S&P Crypto Ratings, skipping...
2026-02-15 15:00:17,871 - WARNING - Skipping Fitch/Moody's/S&P Crypto Ratings - no data retrieved
2026-02-15 15:00:17,871 - INFO - 
[219/528] Analyzing Flash Crashes/Wicks...
2026-02-15 15:00:17,872 - WARNING - No ticker mapping for Flash Crashes/Wicks, skipping...
2026-02-15 15:00:17,872 - WARNING - Skipping Flash Crashes/Wicks - no data retrieved
2026-02-15 15:00:17,872 - INFO - 
[220/528] Analyzing Floods...
2026-02-15 15:00:17,872 - WARNING - No ticker mapping for Floods, skipping...
2026-02-15 15:00:17,872 - WARNING - Skipping Floods - no data retrieved
2026-02-15 15:00:17,873 - INFO - 
[221/528] Analyzing French Presidential Elections...
2026-02-15 15:00:17,873 - WARNING - No ticker mapping for French Presidential Elections, skipping...
2026-02-15 15:00:17,873 - WARNING - Skipping French Presidential Elections - no data retrieved
2026-02-15 15:00:17,873 - INFO - 
[222/528] Analyzing Front Page Mentions...
2026-02-15 15:00:17,873 - WARNING - No ticker mapping for Front Page Mentions, skipping...
2026-02-15 15:00:17,873 - WARNING - Skipping Front Page Mentions - no data retrieved
2026-02-15 15:00:17,873 - INFO - 
[223/528] Analyzing Funding Rates...
2026-02-15 15:00:17,874 - WARNING - No ticker mapping for Funding Rates, skipping...
2026-02-15 15:00:17,874 - WARNING - Skipping Funding Rates - no data retrieved
2026-02-15 15:00:17,874 - INFO - 
[224/528] Analyzing Future Pandemics...
2026-02-15 15:00:17,875 - WARNING - No ticker mapping for Future Pandemics, skipping...
2026-02-15 15:00:17,875 - WARNING - Skipping Future Pandemics - no data retrieved
2026-02-15 15:00:17,875 - INFO - 
[225/528] Analyzing Futures...
2026-02-15 15:00:17,876 - WARNING - No ticker mapping for Futures, skipping...
2026-02-15 15:00:17,876 - WARNING - Skipping Futures - no data retrieved
2026-02-15 15:00:17,876 - INFO - 
[226/528] Analyzing Futures Basis (Futures - Spot)...
2026-02-15 15:00:17,877 - WARNING - No ticker mapping for Futures Basis (Futures - Spot), skipping...
2026-02-15 15:00:17,877 - WARNING - Skipping Futures Basis (Futures - Spot) - no data retrieved
2026-02-15 15:00:17,877 - INFO - 
[227/528] Analyzing G7/G20 Crypto Discussions...
2026-02-15 15:00:17,877 - WARNING - No ticker mapping for G7/G20 Crypto Discussions, skipping...
2026-02-15 15:00:17,878 - WARNING - Skipping G7/G20 Crypto Discussions - no data retrieved
2026-02-15 15:00:17,878 - INFO - 
[228/528] Analyzing GBP/USD...
2026-02-15 15:00:17,878 - INFO - Fetching data for GBP/USD (GBPUSD=X)...
2026-02-15 15:00:18,062 - INFO - Raw data type: <class 'pandas.core.frame.DataFrame'>, columns: [('Close', 'GBPUSD=X'), ('High', 'GBPUSD=X'), ('Low', 'GBPUSD=X'), ('Open', 'GBPUSD=X'), ('Volume', 'GBPUSD=X')]
2026-02-15 15:00:18,063 - INFO - After reset_index - columns: ['Date', 'Close', 'High', 'Low', 'Open', 'Volume']
2026-02-15 15:00:18,065 - INFO - Successfully fetched 1071 records for GBP/USD
2026-02-15 15:00:18,615 - INFO - Saved visualization to BTC_Factor_Reports\chart_GBP_USD.png
2026-02-15 15:00:18,934 - INFO - Created PDF report: BTC_Factor_Reports\BTC_vs_GBP_USD.pdf
2026-02-15 15:00:18,939 - INFO - 
[229/528] Analyzing GBTC Premium/Discount to NAV...
2026-02-15 15:00:18,939 - WARNING - No ticker mapping for GBTC Premium/Discount to NAV, skipping...
2026-02-15 15:00:18,939 - WARNING - Skipping GBTC Premium/Discount to NAV - no data retrieved
2026-02-15 15:00:18,940 - INFO - 
[230/528] Analyzing GDELT Project...
2026-02-15 15:00:18,940 - WARNING - No ticker mapping for GDELT Project, skipping...
2026-02-15 15:00:18,940 - WARNING - Skipping GDELT Project - no data retrieved
2026-02-15 15:00:18,940 - INFO - 
[231/528] Analyzing GDP Metrics...
2026-02-15 15:00:18,941 - WARNING - No ticker mapping for GDP Metrics, skipping...
2026-02-15 15:00:18,941 - WARNING - Skipping GDP Metrics - no data retrieved
2026-02-15 15:00:18,941 - INFO - 
[232/528] Analyzing GPU Prices...
2026-02-15 15:00:18,941 - WARNING - No ticker mapping for GPU Prices, skipping...
2026-02-15 15:00:18,941 - WARNING - Skipping GPU Prices - no data retrieved
2026-02-15 15:00:18,941 - INFO - 
[233/528] Analyzing Gamma Exposure...
2026-02-15 15:00:18,942 - WARNING - No ticker mapping for Gamma Exposure, skipping...
2026-02-15 15:00:18,942 - WARNING - Skipping Gamma Exposure - no data retrieved
2026-02-15 15:00:18,942 - INFO - 
[234/528] Analyzing Generational Shifts...
2026-02-15 15:00:18,943 - WARNING - No ticker mapping for Generational Shifts, skipping...
2026-02-15 15:00:18,943 - WARNING - Skipping Generational Shifts - no data retrieved
2026-02-15 15:00:18,943 - INFO - 
[235/528] Analyzing German Bunds (10-Year)...
2026-02-15 15:00:18,943 - WARNING - No ticker mapping for German Bunds (10-Year), skipping...
2026-02-15 15:00:18,943 - WARNING - Skipping German Bunds (10-Year) - no data retrieved
2026-02-15 15:00:18,943 - INFO - 
[236/528] Analyzing German Federal Elections...
2026-02-15 15:00:18,944 - WARNING - No ticker mapping for German Federal Elections, skipping...
2026-02-15 15:00:18,944 - WARNING - Skipping German Federal Elections - no data retrieved
2026-02-15 15:00:18,944 - INFO - 
[237/528] Analyzing Glassnode API...
2026-02-15 15:00:18,944 - WARNING - No ticker mapping for Glassnode API, skipping...
2026-02-15 15:00:18,945 - WARNING - Skipping Glassnode API - no data retrieved
2026-02-15 15:00:18,945 - INFO - 
[238/528] Analyzing Glassnode/CryptoQuant Reports...
2026-02-15 15:00:18,946 - WARNING - No ticker mapping for Glassnode/CryptoQuant Reports, skipping...
2026-02-15 15:00:18,946 - WARNING - Skipping Glassnode/CryptoQuant Reports - no data retrieved
2026-02-15 15:00:18,946 - INFO - 
[239/528] Analyzing Global Adoption Metrics...
2026-02-15 15:00:18,946 - WARNING - No ticker mapping for Global Adoption Metrics, skipping...
2026-02-15 15:00:18,947 - WARNING - Skipping Global Adoption Metrics - no data retrieved
2026-02-15 15:00:18,947 - INFO - 
[240/528] Analyzing Global Employment...
2026-02-15 15:00:18,947 - WARNING - No ticker mapping for Global Employment, skipping...
2026-02-15 15:00:18,947 - WARNING - Skipping Global Employment - no data retrieved
2026-02-15 15:00:18,947 - INFO - 
[241/528] Analyzing Global Government Bonds...
2026-02-15 15:00:18,948 - WARNING - No ticker mapping for Global Government Bonds, skipping...
2026-02-15 15:00:18,948 - WARNING - Skipping Global Government Bonds - no data retrieved
2026-02-15 15:00:18,948 - INFO - 
[242/528] Analyzing Global Health Crises...
2026-02-15 15:00:18,948 - WARNING - No ticker mapping for Global Health Crises, skipping...
2026-02-15 15:00:18,948 - WARNING - Skipping Global Health Crises - no data retrieved
2026-02-15 15:00:18,948 - INFO - 
[243/528] Analyzing Global Inflation...
2026-02-15 15:00:18,948 - WARNING - No ticker mapping for Global Inflation, skipping...
2026-02-15 15:00:18,949 - WARNING - Skipping Global Inflation - no data retrieved
2026-02-15 15:00:18,949 - INFO - 
[244/528] Analyzing Gold (XAU/USD)...
2026-02-15 15:00:18,949 - INFO - Fetching data for Gold (XAU/USD) (GC=F)...
2026-02-15 15:02:02,140 - INFO - ============================================================
2026-02-15 15:02:02,141 - INFO - Starting Bitcoin Factor Analysis
2026-02-15 15:02:02,141 - INFO - ============================================================
2026-02-15 15:02:02,142 - INFO - Extracted 528 factors from factors.txt
2026-02-15 15:02:02,142 - INFO - Analyzing 5 factors
2026-02-15 15:02:02,142 - INFO - Fetching Bitcoin data...
2026-02-15 15:02:02,142 - INFO - Fetching data for Bitcoin (BTC-USD)...
2026-02-15 15:02:02,488 - INFO - Raw data type: <class 'pandas.core.frame.DataFrame'>, columns: [('Close', 'BTC-USD'), ('High', 'BTC-USD'), ('Low', 'BTC-USD'), ('Open', 'BTC-USD'), ('Volume', 'BTC-USD')]
2026-02-15 15:02:02,489 - INFO - After reset_index - columns: ['Date', 'Close', 'High', 'Low', 'Open', 'Volume']
2026-02-15 15:02:02,491 - INFO - Successfully fetched 1506 records for Bitcoin
2026-02-15 15:02:02,491 - INFO - BTC data: 1506 records from 2022-01-01 00:00:00 to 2026-02-14 00:00:00
2026-02-15 15:02:02,491 - INFO - 
[1/5] Analyzing "Bitcoin to $X" Memes...
2026-02-15 15:02:02,491 - WARNING - No ticker mapping for "Bitcoin to $X" Memes, skipping...
2026-02-15 15:02:02,492 - WARNING - Skipping "Bitcoin to $X" Memes - no data retrieved
2026-02-15 15:02:02,492 - INFO - 
[2/5] Analyzing "FUD" (Fear, Uncertainty, Doubt) Narratives...
2026-02-15 15:02:02,492 - WARNING - No ticker mapping for "FUD" (Fear, Uncertainty, Doubt) Narratives, skipping...
2026-02-15 15:02:02,492 - WARNING - Skipping "FUD" (Fear, Uncertainty, Doubt) Narratives - no data retrieved
2026-02-15 15:02:02,492 - INFO - 
[3/5] Analyzing "HODL" Culture Prevalence...
2026-02-15 15:02:02,492 - WARNING - No ticker mapping for "HODL" Culture Prevalence, skipping...
2026-02-15 15:02:02,492 - WARNING - Skipping "HODL" Culture Prevalence - no data retrieved
2026-02-15 15:02:02,492 - INFO - 
[4/5] Analyzing "Uptober" & Seasonal Patterns...
2026-02-15 15:02:02,493 - WARNING - No ticker mapping for "Uptober" & Seasonal Patterns, skipping...
2026-02-15 15:02:02,493 - WARNING - Skipping "Uptober" & Seasonal Patterns - no data retrieved
2026-02-15 15:02:02,493 - INFO - 
[5/5] Analyzing 10-Year Treasury Yield...
2026-02-15 15:02:02,493 - INFO - Fetching data for 10-Year Treasury Yield (^TNX)...
2026-02-15 15:02:02,663 - INFO - Raw data type: <class 'pandas.core.frame.DataFrame'>, columns: [('Close', '^TNX'), ('High', '^TNX'), ('Low', '^TNX'), ('Open', '^TNX'), ('Volume', '^TNX')]
2026-02-15 15:02:02,664 - INFO - After reset_index - columns: ['Date', 'Close', 'High', 'Low', 'Open', 'Volume']
2026-02-15 15:02:02,666 - INFO - Successfully fetched 1033 records for 10-Year Treasury Yield
2026-02-15 15:02:03,444 - INFO - Saved visualization to BTC_Factor_Reports\chart_10-Year_Treasury_Yield.png
2026-02-15 15:02:03,795 - INFO - Created PDF report: BTC_Factor_Reports\BTC_vs_10-Year_Treasury_Yield.pdf
2026-02-15 15:02:03,802 - INFO - 
Creating summary reports...
2026-02-15 15:02:03,806 - INFO - Created summary report: BTC_Factor_Reports\BTC_Correlation_Summary.csv
2026-02-15 15:02:03,810 - INFO - Created summary PDF: BTC_Factor_Reports\BTC_Correlation_Summary.pdf
2026-02-15 15:02:03,811 - INFO - ============================================================
2026-02-15 15:02:03,811 - INFO - Analysis Complete!
2026-02-15 15:02:03,811 - INFO -   Successfully analyzed: 1 factors
2026-02-15 15:02:03,811 - INFO -   Failed: 4 factors
2026-02-15 15:02:03,811 - INFO -   Output directory: BTC_Factor_Reports
2026-02-15 15:02:03,811 - INFO - ============================================================
2026-02-15 15:03:01,908 - INFO - ============================================================
2026-02-15 15:03:01,908 - INFO - Starting Bitcoin Factor Analysis
2026-02-15 15:03:01,908 - INFO - ============================================================
2026-02-15 15:03:01,909 - INFO - Extracted 528 factors from factors.txt
2026-02-15 15:03:01,909 - INFO - Analyzing 10 factors
2026-02-15 15:03:01,909 - INFO - Fetching Bitcoin data...
2026-02-15 15:03:01,909 - INFO - Fetching data for Bitcoin (BTC-USD)...
2026-02-15 15:03:02,281 - INFO - Raw data type: <class 'pandas.core.frame.DataFrame'>, columns: [('Close', 'BTC-USD'), ('High', 'BTC-USD'), ('Low', 'BTC-USD'), ('Open', 'BTC-USD'), ('Volume', 'BTC-USD')]
2026-02-15 15:03:02,282 - INFO - After reset_index - columns: ['Date', 'Close', 'High', 'Low', 'Open', 'Volume']
2026-02-15 15:03:02,285 - INFO - Successfully fetched 1506 records for Bitcoin
2026-02-15 15:03:02,285 - INFO - BTC data: 1506 records from 2022-01-01 00:00:00 to 2026-02-14 00:00:00
2026-02-15 15:03:02,285 - INFO - 
[1/10] Analyzing "Bitcoin to $X" Memes...
2026-02-15 15:03:02,285 - WARNING - No ticker mapping for "Bitcoin to $X" Memes, skipping...
2026-02-15 15:03:02,285 - WARNING - Skipping "Bitcoin to $X" Memes - no data retrieved
2026-02-15 15:03:02,285 - INFO - 
[2/10] Analyzing "FUD" (Fear, Uncertainty, Doubt) Narratives...
2026-02-15 15:03:02,285 - WARNING - No ticker mapping for "FUD" (Fear, Uncertainty, Doubt) Narratives, skipping...
2026-02-15 15:03:02,285 - WARNING - Skipping "FUD" (Fear, Uncertainty, Doubt) Narratives - no data retrieved
2026-02-15 15:03:02,285 - INFO - 
[3/10] Analyzing "HODL" Culture Prevalence...
2026-02-15 15:03:02,285 - WARNING - No ticker mapping for "HODL" Culture Prevalence, skipping...
2026-02-15 15:03:02,285 - WARNING - Skipping "HODL" Culture Prevalence - no data retrieved
2026-02-15 15:03:02,285 - INFO - 
[4/10] Analyzing "Uptober" & Seasonal Patterns...
2026-02-15 15:03:02,285 - WARNING - No ticker mapping for "Uptober" & Seasonal Patterns, skipping...
2026-02-15 15:03:02,286 - WARNING - Skipping "Uptober" & Seasonal Patterns - no data retrieved
2026-02-15 15:03:02,286 - INFO - 
[5/10] Analyzing 10-Year Treasury Yield...
2026-02-15 15:03:02,286 - INFO - Fetching data for 10-Year Treasury Yield (^TNX)...
2026-02-15 15:03:02,487 - INFO - Raw data type: <class 'pandas.core.frame.DataFrame'>, columns: [('Close', '^TNX'), ('High', '^TNX'), ('Low', '^TNX'), ('Open', '^TNX'), ('Volume', '^TNX')]
2026-02-15 15:03:02,487 - INFO - After reset_index - columns: ['Date', 'Close', 'High', 'Low', 'Open', 'Volume']
2026-02-15 15:03:02,489 - INFO - Successfully fetched 1033 records for 10-Year Treasury Yield
2026-02-15 15:03:03,155 - INFO - Saved visualization to BTC_Factor_Reports\chart_10-Year_Treasury_Yield.png
2026-02-15 15:03:03,480 - INFO - Created PDF report: BTC_Factor_Reports\BTC_vs_10-Year_Treasury_Yield.pdf
2026-02-15 15:03:03,483 - INFO - [OK] 10-Year Treasury Yield: Correlation = -0.0277
2026-02-15 15:03:03,483 - INFO - 
[6/10] Analyzing 2-Year Treasury Yield...
2026-02-15 15:03:03,483 - INFO - Fetching data for 2-Year Treasury Yield (^IRX)...
2026-02-15 15:03:03,611 - INFO - Raw data type: <class 'pandas.core.frame.DataFrame'>, columns: [('Close', '^IRX'), ('High', '^IRX'), ('Low', '^IRX'), ('Open', '^IRX'), ('Volume', '^IRX')]
2026-02-15 15:03:03,612 - INFO - After reset_index - columns: ['Date', 'Close', 'High', 'Low', 'Open', 'Volume']
2026-02-15 15:03:03,614 - INFO - Successfully fetched 1033 records for 2-Year Treasury Yield
2026-02-15 15:03:04,160 - INFO - Saved visualization to BTC_Factor_Reports\chart_2-Year_Treasury_Yield.png
2026-02-15 15:03:04,461 - INFO - Created PDF report: BTC_Factor_Reports\BTC_vs_2-Year_Treasury_Yield.pdf
2026-02-15 15:03:04,463 - INFO - [OK] 2-Year Treasury Yield: Correlation = -0.0106
2026-02-15 15:03:04,463 - INFO - 
[7/10] Analyzing 2-Year/10-Year Yield Curve Spread...
2026-02-15 15:03:04,463 - WARNING - No ticker mapping for 2-Year/10-Year Yield Curve Spread, skipping...
2026-02-15 15:03:04,464 - WARNING - Skipping 2-Year/10-Year Yield Curve Spread - no data retrieved
2026-02-15 15:03:04,464 - INFO - 
[8/10] Analyzing 200-Week Moving Average...
2026-02-15 15:03:04,464 - WARNING - No ticker mapping for 200-Week Moving Average, skipping...
2026-02-15 15:03:04,464 - WARNING - Skipping 200-Week Moving Average - no data retrieved
2026-02-15 15:03:04,464 - INFO - 
[9/10] Analyzing 24-Hour Trading Volume (All Exchanges)...
2026-02-15 15:03:04,464 - WARNING - No ticker mapping for 24-Hour Trading Volume (All Exchanges), skipping...
2026-02-15 15:03:04,464 - WARNING - Skipping 24-Hour Trading Volume (All Exchanges) - no data retrieved
2026-02-15 15:03:04,464 - INFO - 
[10/10] Analyzing 30-Year Treasury Yield...
2026-02-15 15:03:04,464 - WARNING - No ticker mapping for 30-Year Treasury Yield, skipping...
2026-02-15 15:03:04,464 - WARNING - Skipping 30-Year Treasury Yield - no data retrieved
2026-02-15 15:03:04,464 - INFO - 
Creating summary reports...
2026-02-15 15:03:04,470 - INFO - Created summary report: BTC_Factor_Reports\BTC_Correlation_Summary.csv
2026-02-15 15:03:04,473 - INFO - Created summary PDF: BTC_Factor_Reports\BTC_Correlation_Summary.pdf
2026-02-15 15:03:04,473 - INFO - ============================================================
2026-02-15 15:03:04,473 - INFO - Analysis Complete!
2026-02-15 15:03:04,473 - INFO -   Successfully analyzed: 2 factors
2026-02-15 15:03:04,473 - INFO -   Failed: 8 factors
2026-02-15 15:03:04,473 - INFO -   Output directory: BTC_Factor_Reports
2026-02-15 15:03:04,473 - INFO - ============================================================
2026-02-15 15:03:54,153 - INFO - ============================================================
2026-02-15 15:03:54,153 - INFO - Starting Bitcoin Factor Analysis
2026-02-15 15:03:54,153 - INFO - ============================================================
2026-02-15 15:03:54,155 - INFO - Extracted 528 factors from factors.txt
2026-02-15 15:03:54,155 - INFO - Analyzing 528 factors
2026-02-15 15:03:54,155 - INFO - Fetching Bitcoin data...
2026-02-15 15:03:54,155 - INFO - Fetching data for Bitcoin (BTC-USD)...
2026-02-15 15:03:54,443 - INFO - Raw data type: <class 'pandas.core.frame.DataFrame'>, columns: [('Close', 'BTC-USD'), ('High', 'BTC-USD'), ('Low', 'BTC-USD'), ('Open', 'BTC-USD'), ('Volume', 'BTC-USD')]
2026-02-15 15:03:54,444 - INFO - After reset_index - columns: ['Date', 'Close', 'High', 'Low', 'Open', 'Volume']
2026-02-15 15:03:54,446 - INFO - Successfully fetched 1506 records for Bitcoin
2026-02-15 15:03:54,446 - INFO - BTC data: 1506 records from 2022-01-01 00:00:00 to 2026-02-14 00:00:00
2026-02-15 15:03:54,447 - INFO - 
[1/528] Analyzing "Bitcoin to $X" Memes...
2026-02-15 15:03:54,447 - WARNING - No ticker mapping for "Bitcoin to $X" Memes, skipping...
2026-02-15 15:03:54,447 - WARNING - Skipping "Bitcoin to $X" Memes - no data retrieved
2026-02-15 15:03:54,447 - INFO - 
[2/528] Analyzing "FUD" (Fear, Uncertainty, Doubt) Narratives...
2026-02-15 15:03:54,447 - WARNING - No ticker mapping for "FUD" (Fear, Uncertainty, Doubt) Narratives, skipping...
2026-02-15 15:03:54,447 - WARNING - Skipping "FUD" (Fear, Uncertainty, Doubt) Narratives - no data retrieved
2026-02-15 15:03:54,447 - INFO - 
[3/528] Analyzing "HODL" Culture Prevalence...
2026-02-15 15:03:54,447 - WARNING - No ticker mapping for "HODL" Culture Prevalence, skipping...
2026-02-15 15:03:54,448 - WARNING - Skipping "HODL" Culture Prevalence - no data retrieved
2026-02-15 15:03:54,448 - INFO - 
[4/528] Analyzing "Uptober" & Seasonal Patterns...
2026-02-15 15:03:54,449 - WARNING - No ticker mapping for "Uptober" & Seasonal Patterns, skipping...
2026-02-15 15:03:54,449 - WARNING - Skipping "Uptober" & Seasonal Patterns - no data retrieved
2026-02-15 15:03:54,450 - INFO - 
[5/528] Analyzing 10-Year Treasury Yield...
2026-02-15 15:03:54,450 - INFO - Fetching data for 10-Year Treasury Yield (^TNX)...
2026-02-15 15:03:54,604 - INFO - Raw data type: <class 'pandas.core.frame.DataFrame'>, columns: [('Close', '^TNX'), ('High', '^TNX'), ('Low', '^TNX'), ('Open', '^TNX'), ('Volume', '^TNX')]
2026-02-15 15:03:54,604 - INFO - After reset_index - columns: ['Date', 'Close', 'High', 'Low', 'Open', 'Volume']
2026-02-15 15:03:54,606 - INFO - Successfully fetched 1033 records for 10-Year Treasury Yield
2026-02-15 15:03:55,307 - INFO - Saved visualization to BTC_Factor_Reports\chart_10-Year_Treasury_Yield.png
2026-02-15 15:03:55,634 - INFO - Created PDF report: BTC_Factor_Reports\BTC_vs_10-Year_Treasury_Yield.pdf
2026-02-15 15:03:55,636 - INFO - [OK] 10-Year Treasury Yield: Correlation = -0.0277
2026-02-15 15:03:55,637 - INFO - 
[6/528] Analyzing 2-Year Treasury Yield...
2026-02-15 15:03:55,637 - INFO - Fetching data for 2-Year Treasury Yield (^IRX)...
2026-02-15 15:03:55,750 - INFO - Raw data type: <class 'pandas.core.frame.DataFrame'>, columns: [('Close', '^IRX'), ('High', '^IRX'), ('Low', '^IRX'), ('Open', '^IRX'), ('Volume', '^IRX')]
2026-02-15 15:03:55,751 - INFO - After reset_index - columns: ['Date', 'Close', 'High', 'Low', 'Open', 'Volume']
2026-02-15 15:03:55,752 - INFO - Successfully fetched 1033 records for 2-Year Treasury Yield
2026-02-15 15:03:56,292 - INFO - Saved visualization to BTC_Factor_Reports\chart_2-Year_Treasury_Yield.png
2026-02-15 15:03:56,592 - INFO - Created PDF report: BTC_Factor_Reports\BTC_vs_2-Year_Treasury_Yield.pdf
2026-02-15 15:03:56,595 - INFO - [OK] 2-Year Treasury Yield: Correlation = -0.0106
2026-02-15 15:03:56,596 - INFO - 
[7/528] Analyzing 2-Year/10-Year Yield Curve Spread...
2026-02-15 15:03:56,596 - WARNING - No ticker mapping for 2-Year/10-Year Yield Curve Spread, skipping...
2026-02-15 15:03:56,596 - WARNING - Skipping 2-Year/10-Year Yield Curve Spread - no data retrieved
2026-02-15 15:03:56,596 - INFO - 
[8/528] Analyzing 200-Week Moving Average...
2026-02-15 15:03:56,596 - WARNING - No ticker mapping for 200-Week Moving Average, skipping...
2026-02-15 15:03:56,596 - WARNING - Skipping 200-Week Moving Average - no data retrieved
2026-02-15 15:03:56,596 - INFO - 
[9/528] Analyzing 24-Hour Trading Volume (All Exchanges)...
2026-02-15 15:03:56,597 - WARNING - No ticker mapping for 24-Hour Trading Volume (All Exchanges), skipping...
2026-02-15 15:03:56,597 - WARNING - Skipping 24-Hour Trading Volume (All Exchanges) - no data retrieved
2026-02-15 15:03:56,597 - INFO - 
[10/528] Analyzing 30-Year Treasury Yield...
2026-02-15 15:03:56,597 - WARNING - No ticker mapping for 30-Year Treasury Yield, skipping...
2026-02-15 15:03:56,597 - WARNING - Skipping 30-Year Treasury Yield - no data retrieved
2026-02-15 15:03:56,597 - INFO - 
[11/528] Analyzing 4-Year Bitcoin Cycle (Halving-Based)...
2026-02-15 15:03:56,597 - WARNING - No ticker mapping for 4-Year Bitcoin Cycle (Halving-Based), skipping...
2026-02-15 15:03:56,598 - WARNING - Skipping 4-Year Bitcoin Cycle (Halving-Based) - no data retrieved
2026-02-15 15:03:56,598 - INFO - 
[12/528] Analyzing 51% Attack...
2026-02-15 15:03:56,599 - WARNING - No ticker mapping for 51% Attack, skipping...
2026-02-15 15:03:56,599 - WARNING - Skipping 51% Attack - no data retrieved
2026-02-15 15:03:56,599 - INFO - 
[13/528] Analyzing 5G Rollout...
2026-02-15 15:03:56,600 - WARNING - No ticker mapping for 5G Rollout, skipping...
2026-02-15 15:03:56,600 - WARNING - Skipping 5G Rollout - no data retrieved
2026-02-15 15:03:56,600 - INFO - 
[14/528] Analyzing ARK Innovation ETF (ARKK)...
2026-02-15 15:03:56,601 - WARNING - No ticker mapping for ARK Innovation ETF (ARKK), skipping...
2026-02-15 15:03:56,601 - WARNING - Skipping ARK Innovation ETF (ARKK) - no data retrieved
2026-02-15 15:03:56,601 - INFO - 
[15/528] Analyzing ASIC Miner Releases...
2026-02-15 15:03:56,601 - WARNING - No ticker mapping for ASIC Miner Releases, skipping...
2026-02-15 15:03:56,601 - WARNING - Skipping ASIC Miner Releases - no data retrieved
2026-02-15 15:03:56,602 - INFO - 
[16/528] Analyzing AUD/USD...
2026-02-15 15:03:56,602 - WARNING - No ticker mapping for AUD/USD, skipping...
2026-02-15 15:03:56,602 - WARNING - Skipping AUD/USD - no data retrieved
2026-02-15 15:03:56,602 - INFO - 
[17/528] Analyzing Aave (AAVE)...
2026-02-15 15:03:56,602 - WARNING - No ticker mapping for Aave (AAVE), skipping...
2026-02-15 15:03:56,602 - WARNING - Skipping Aave (AAVE) - no data retrieved
2026-02-15 15:03:56,602 - INFO - 
[18/528] Analyzing Academic Papers on Bitcoin...
2026-02-15 15:03:56,602 - WARNING - No ticker mapping for Academic Papers on Bitcoin, skipping...
2026-02-15 15:03:56,602 - WARNING - Skipping Academic Papers on Bitcoin - no data retrieved
2026-02-15 15:03:56,602 - INFO - 
[19/528] Analyzing Active Addresses...
2026-02-15 15:03:56,602 - WARNING - No ticker mapping for Active Addresses, skipping...
2026-02-15 15:03:56,603 - WARNING - Skipping Active Addresses - no data retrieved
2026-02-15 15:03:56,604 - INFO - 
[20/528] Analyzing Address Activity...
2026-02-15 15:03:56,604 - WARNING - No ticker mapping for Address Activity, skipping...
2026-02-15 15:03:56,604 - WARNING - Skipping Address Activity - no data retrieved
2026-02-15 15:03:56,604 - INFO - 
[21/528] Analyzing Addresses with Balance >0.01 BTC, >1 BTC, >10 BTC, etc....
2026-02-15 15:03:56,605 - WARNING - No ticker mapping for Addresses with Balance >0.01 BTC, >1 BTC, >10 BTC, etc., skipping...
2026-02-15 15:03:56,605 - WARNING - Skipping Addresses with Balance >0.01 BTC, >1 BTC, >10 BTC, etc. - no data retrieved
2026-02-15 15:03:56,605 - INFO - 
[22/528] Analyzing Age-Based Crypto Ownership Surveys...
2026-02-15 15:03:56,605 - WARNING - No ticker mapping for Age-Based Crypto Ownership Surveys, skipping...
2026-02-15 15:03:56,605 - WARNING - Skipping Age-Based Crypto Ownership Surveys - no data retrieved
2026-02-15 15:03:56,605 - INFO - 
[23/528] Analyzing Agricultural Commodities...
2026-02-15 15:03:56,605 - WARNING - No ticker mapping for Agricultural Commodities, skipping...
2026-02-15 15:03:56,606 - WARNING - Skipping Agricultural Commodities - no data retrieved
2026-02-15 15:03:56,606 - INFO - 
[24/528] Analyzing All-Time High Proximity...
2026-02-15 15:03:56,606 - WARNING - No ticker mapping for All-Time High Proximity, skipping...
2026-02-15 15:03:56,606 - WARNING - Skipping All-Time High Proximity - no data retrieved
2026-02-15 15:03:56,606 - INFO - 
[25/528] Analyzing Altcoin Season Rotations...
2026-02-15 15:03:56,607 - WARNING - No ticker mapping for Altcoin Season Rotations, skipping...
2026-02-15 15:03:56,607 - WARNING - Skipping Altcoin Season Rotations - no data retrieved
2026-02-15 15:03:56,607 - INFO - 
[26/528] Analyzing Aluminum...
2026-02-15 15:03:56,607 - WARNING - No ticker mapping for Aluminum, skipping...
2026-02-15 15:03:56,607 - WARNING - Skipping Aluminum - no data retrieved
2026-02-15 15:03:56,607 - INFO - 
[27/528] Analyzing Asia-Pacific...
2026-02-15 15:03:56,607 - WARNING - No ticker mapping for Asia-Pacific, skipping...
2026-02-15 15:03:56,608 - WARNING - Skipping Asia-Pacific - no data retrieved
2026-02-15 15:03:56,608 - INFO - 
[28/528] Analyzing Asian Indices...
2026-02-15 15:03:56,608 - WARNING - No ticker mapping for Asian Indices, skipping...
2026-02-15 15:03:56,608 - WARNING - Skipping Asian Indices - no data retrieved
2026-02-15 15:03:56,608 - INFO - 
[29/528] Analyzing Athlete/Entertainer Endorsements...
2026-02-15 15:03:56,609 - WARNING - No ticker mapping for Athlete/Entertainer Endorsements, skipping...
2026-02-15 15:03:56,609 - WARNING - Skipping Athlete/Entertainer Endorsements - no data retrieved
2026-02-15 15:03:56,609 - INFO - 
[30/528] Analyzing Average Hourly Earnings...
2026-02-15 15:03:56,609 - WARNING - No ticker mapping for Average Hourly Earnings, skipping...
2026-02-15 15:03:56,609 - WARNING - Skipping Average Hourly Earnings - no data retrieved
2026-02-15 15:03:56,609 - INFO - 
[31/528] Analyzing Average Transaction Fee...
2026-02-15 15:03:56,609 - WARNING - No ticker mapping for Average Transaction Fee, skipping...
2026-02-15 15:03:56,609 - WARNING - Skipping Average Transaction Fee - no data retrieved
2026-02-15 15:03:56,610 - INFO - 
[32/528] Analyzing BIPs (Bitcoin Improvement Proposals)...
2026-02-15 15:03:56,610 - WARNING - No ticker mapping for BIPs (Bitcoin Improvement Proposals), skipping...
2026-02-15 15:03:56,610 - WARNING - Skipping BIPs (Bitcoin Improvement Proposals) - no data retrieved
2026-02-15 15:03:56,610 - INFO - 
[33/528] Analyzing BIS (Bank for International Settlements) Views...
2026-02-15 15:03:56,610 - WARNING - No ticker mapping for BIS (Bank for International Settlements) Views, skipping...
2026-02-15 15:03:56,610 - WARNING - Skipping BIS (Bank for International Settlements) Views - no data retrieved
2026-02-15 15:03:56,610 - INFO - 
[34/528] Analyzing BOVESPA (Brazil)...
2026-02-15 15:03:56,610 - WARNING - No ticker mapping for BOVESPA (Brazil), skipping...
2026-02-15 15:03:56,610 - WARNING - Skipping BOVESPA (Brazil) - no data retrieved
2026-02-15 15:03:56,610 - INFO - 
[35/528] Analyzing BTC.com API...
2026-02-15 15:03:56,611 - WARNING - No ticker mapping for BTC.com API, skipping...
2026-02-15 15:03:56,611 - WARNING - Skipping BTC.com API - no data retrieved
2026-02-15 15:03:56,611 - INFO - 
[36/528] Analyzing BUSD Market Cap...
2026-02-15 15:03:56,611 - WARNING - No ticker mapping for BUSD Market Cap, skipping...
2026-02-15 15:03:56,611 - WARNING - Skipping BUSD Market Cap - no data retrieved
2026-02-15 15:03:56,611 - INFO - 
[37/528] Analyzing Bank Failures or Stress Events...
2026-02-15 15:03:56,611 - WARNING - No ticker mapping for Bank Failures or Stress Events, skipping...
2026-02-15 15:03:56,611 - WARNING - Skipping Bank Failures or Stress Events - no data retrieved
2026-02-15 15:03:56,611 - INFO - 
[38/528] Analyzing Bank Lending Standards...
2026-02-15 15:03:56,611 - WARNING - No ticker mapping for Bank Lending Standards, skipping...
2026-02-15 15:03:56,612 - WARNING - Skipping Bank Lending Standards - no data retrieved
2026-02-15 15:03:56,612 - INFO - 
[39/528] Analyzing Bank of America Crypto Notes...
2026-02-15 15:03:56,612 - WARNING - No ticker mapping for Bank of America Crypto Notes, skipping...
2026-02-15 15:03:56,612 - WARNING - Skipping Bank of America Crypto Notes - no data retrieved
2026-02-15 15:03:56,612 - INFO - 
[40/528] Analyzing Bank of England Base Rate...
2026-02-15 15:03:56,612 - WARNING - No ticker mapping for Bank of England Base Rate, skipping...
2026-02-15 15:03:56,612 - WARNING - Skipping Bank of England Base Rate - no data retrieved
2026-02-15 15:03:56,612 - INFO - 
[41/528] Analyzing Bank of England Policy Decisions...
2026-02-15 15:03:56,613 - WARNING - No ticker mapping for Bank of England Policy Decisions, skipping...
2026-02-15 15:03:56,613 - WARNING - Skipping Bank of England Policy Decisions - no data retrieved
2026-02-15 15:03:56,614 - INFO - 
[42/528] Analyzing Bank of Japan Policy Decisions...
2026-02-15 15:03:56,614 - WARNING - No ticker mapping for Bank of Japan Policy Decisions, skipping...
2026-02-15 15:03:56,614 - WARNING - Skipping Bank of Japan Policy Decisions - no data retrieved
2026-02-15 15:03:56,615 - INFO - 
[43/528] Analyzing Bank of Japan Policy Rate...
2026-02-15 15:03:56,615 - WARNING - No ticker mapping for Bank of Japan Policy Rate, skipping...
2026-02-15 15:03:56,616 - WARNING - Skipping Bank of Japan Policy Rate - no data retrieved
2026-02-15 15:03:56,616 - INFO - 
[44/528] Analyzing Banking System Stress (Global)...
2026-02-15 15:03:56,617 - WARNING - No ticker mapping for Banking System Stress (Global), skipping...
2026-02-15 15:03:56,617 - WARNING - Skipping Banking System Stress (Global) - no data retrieved
2026-02-15 15:03:56,617 - INFO - 
[45/528] Analyzing Beige Book (Fed Regional Reports)...
2026-02-15 15:03:56,617 - WARNING - No ticker mapping for Beige Book (Fed Regional Reports), skipping...
2026-02-15 15:03:56,617 - WARNING - Skipping Beige Book (Fed Regional Reports) - no data retrieved
2026-02-15 15:03:56,618 - INFO - 
[46/528] Analyzing Bid-Ask Spreads...
2026-02-15 15:03:56,618 - WARNING - No ticker mapping for Bid-Ask Spreads, skipping...
2026-02-15 15:03:56,618 - WARNING - Skipping Bid-Ask Spreads - no data retrieved
2026-02-15 15:03:56,618 - INFO - 
[47/528] Analyzing Binance Coin (BNB)...
2026-02-15 15:03:56,618 - INFO - Fetching data for Binance Coin (BNB) (BNB-USD)...
2026-02-15 15:03:56,736 - INFO - Raw data type: <class 'pandas.core.frame.DataFrame'>, columns: [('Close', 'BNB-USD'), ('High', 'BNB-USD'), ('Low', 'BNB-USD'), ('Open', 'BNB-USD'), ('Volume', 'BNB-USD')]
2026-02-15 15:03:56,737 - INFO - After reset_index - columns: ['Date', 'Close', 'High', 'Low', 'Open', 'Volume']
2026-02-15 15:03:56,739 - INFO - Successfully fetched 1506 records for Binance Coin (BNB)
2026-02-15 15:03:57,291 - INFO - Saved visualization to BTC_Factor_Reports\chart_Binance_Coin__BNB_.png
2026-02-15 15:03:57,589 - INFO - Created PDF report: BTC_Factor_Reports\BTC_vs_Binance_Coin__BNB_.pdf
2026-02-15 15:03:57,592 - INFO - [OK] Binance Coin (BNB): Correlation = 0.7173
2026-02-15 15:03:57,592 - INFO - 
[48/528] Analyzing Binance, Coinbase, Kraken, Bitstamp, etc....
2026-02-15 15:03:57,593 - WARNING - No ticker mapping for Binance, Coinbase, Kraken, Bitstamp, etc., skipping...
2026-02-15 15:03:57,593 - WARNING - Skipping Binance, Coinbase, Kraken, Bitstamp, etc. - no data retrieved
2026-02-15 15:03:57,593 - INFO - 
[49/528] Analyzing Binance/Bybit/Other Exchange Futures Volume...
2026-02-15 15:03:57,593 - WARNING - No ticker mapping for Binance/Bybit/Other Exchange Futures Volume, skipping...
2026-02-15 15:03:57,593 - WARNING - Skipping Binance/Bybit/Other Exchange Futures Volume - no data retrieved
2026-02-15 15:03:57,593 - INFO - 
[50/528] Analyzing BitInfoCharts...
2026-02-15 15:03:57,593 - WARNING - No ticker mapping for BitInfoCharts, skipping...
2026-02-15 15:03:57,593 - WARNING - Skipping BitInfoCharts - no data retrieved
2026-02-15 15:03:57,594 - INFO - 
[51/528] Analyzing Bitcoin Cash (BCH)...
2026-02-15 15:03:57,594 - WARNING - No ticker mapping for Bitcoin Cash (BCH), skipping...
2026-02-15 15:03:57,594 - WARNING - Skipping Bitcoin Cash (BCH) - no data retrieved
2026-02-15 15:03:57,594 - INFO - 
[52/528] Analyzing Bitcoin Core Releases...
2026-02-15 15:03:57,594 - WARNING - No ticker mapping for Bitcoin Core Releases, skipping...
2026-02-15 15:03:57,594 - WARNING - Skipping Bitcoin Core Releases - no data retrieved
2026-02-15 15:03:57,594 - INFO - 
[53/528] Analyzing Bitcoin Coverage in Major Outlets (WSJ, NYT, Bloomberg, etc.)...
2026-02-15 15:03:57,594 - WARNING - No ticker mapping for Bitcoin Coverage in Major Outlets (WSJ, NYT, Bloomberg, etc.), skipping...
2026-02-15 15:03:57,595 - WARNING - Skipping Bitcoin Coverage in Major Outlets (WSJ, NYT, Bloomberg, etc.) - no data retrieved
2026-02-15 15:03:57,595 - INFO - 
[54/528] Analyzing Bitcoin Dominance (BTC.D)...
2026-02-15 15:03:57,596 - WARNING - No ticker mapping for Bitcoin Dominance (BTC.D), skipping...
2026-02-15 15:03:57,596 - WARNING - Skipping Bitcoin Dominance (BTC.D) - no data retrieved
2026-02-15 15:03:57,596 - INFO - 
[55/528] Analyzing Bitcoin ETF Approvals/Rejections...
2026-02-15 15:03:57,597 - WARNING - No ticker mapping for Bitcoin ETF Approvals/Rejections, skipping...
2026-02-15 15:03:57,598 - WARNING - Skipping Bitcoin ETF Approvals/Rejections - no data retrieved
2026-02-15 15:03:57,598 - INFO - 
[56/528] Analyzing Bitcoin ETF Holdings (Post-approval)...
2026-02-15 15:03:57,599 - WARNING - No ticker mapping for Bitcoin ETF Holdings (Post-approval), skipping...
2026-02-15 15:03:57,599 - WARNING - Skipping Bitcoin ETF Holdings (Post-approval) - no data retrieved
2026-02-15 15:03:57,599 - INFO - 
[57/528] Analyzing Bitcoin Energy Consumption Criticism...
2026-02-15 15:03:57,599 - WARNING - No ticker mapping for Bitcoin Energy Consumption Criticism, skipping...
2026-02-15 15:03:57,599 - WARNING - Skipping Bitcoin Energy Consumption Criticism - no data retrieved
2026-02-15 15:03:57,600 - INFO - 
[58/528] Analyzing Bitcoin Fear & Greed Index...
2026-02-15 15:03:57,600 - WARNING - No ticker mapping for Bitcoin Fear & Greed Index, skipping...
2026-02-15 15:03:57,600 - WARNING - Skipping Bitcoin Fear & Greed Index - no data retrieved
2026-02-15 15:03:57,600 - INFO - 
[59/528] Analyzing Bitcoin Halving Events...
2026-02-15 15:03:57,601 - WARNING - No ticker mapping for Bitcoin Halving Events, skipping...
2026-02-15 15:03:57,601 - WARNING - Skipping Bitcoin Halving Events - no data retrieved
2026-02-15 15:03:57,601 - INFO - 
[60/528] Analyzing Bitcoin Mentions Volume...
2026-02-15 15:03:57,601 - WARNING - No ticker mapping for Bitcoin Mentions Volume, skipping...
2026-02-15 15:03:57,601 - WARNING - Skipping Bitcoin Mentions Volume - no data retrieved
2026-02-15 15:03:57,601 - INFO - 
[61/528] Analyzing Bitcoin Options Volume (Deribit, CME)...
2026-02-15 15:03:57,602 - WARNING - No ticker mapping for Bitcoin Options Volume (Deribit, CME), skipping...
2026-02-15 15:03:57,602 - WARNING - Skipping Bitcoin Options Volume (Deribit, CME) - no data retrieved
2026-02-15 15:03:57,602 - INFO - 
[62/528] Analyzing Bitcoin Price on Major Exchanges...
2026-02-15 15:03:57,602 - WARNING - No ticker mapping for Bitcoin Price on Major Exchanges, skipping...
2026-02-15 15:03:57,602 - WARNING - Skipping Bitcoin Price on Major Exchanges - no data retrieved
2026-02-15 15:03:57,602 - INFO - 
[63/528] Analyzing Bitcoin SV (BSV)...
2026-02-15 15:03:57,602 - WARNING - No ticker mapping for Bitcoin SV (BSV), skipping...
2026-02-15 15:03:57,602 - WARNING - Skipping Bitcoin SV (BSV) - no data retrieved
2026-02-15 15:03:57,602 - INFO - 
[64/528] Analyzing Bitcoin Sentiment Index...
2026-02-15 15:03:57,603 - WARNING - No ticker mapping for Bitcoin Sentiment Index, skipping...
2026-02-15 15:03:57,603 - WARNING - Skipping Bitcoin Sentiment Index - no data retrieved
2026-02-15 15:03:57,603 - INFO - 
[65/528] Analyzing Bitcoin in Movies/TV Shows...
2026-02-15 15:03:57,603 - WARNING - No ticker mapping for Bitcoin in Movies/TV Shows, skipping...
2026-02-15 15:03:57,603 - WARNING - Skipping Bitcoin in Movies/TV Shows - no data retrieved
2026-02-15 15:03:57,603 - INFO - 
[66/528] Analyzing Bitcoin on Exchanges...
2026-02-15 15:03:57,603 - WARNING - No ticker mapping for Bitcoin on Exchanges, skipping...
2026-02-15 15:03:57,603 - WARNING - Skipping Bitcoin on Exchanges - no data retrieved
2026-02-15 15:03:57,603 - INFO - 
[67/528] Analyzing Blockchain Data...
2026-02-15 15:03:57,603 - WARNING - No ticker mapping for Blockchain Data, skipping...
2026-02-15 15:03:57,604 - WARNING - Skipping Blockchain Data - no data retrieved
2026-02-15 15:03:57,604 - INFO - 
[68/528] Analyzing Blockchain.com API...
2026-02-15 15:03:57,604 - WARNING - No ticker mapping for Blockchain.com API, skipping...
2026-02-15 15:03:57,604 - WARNING - Skipping Blockchain.com API - no data retrieved
2026-02-15 15:03:57,604 - INFO - 
[69/528] Analyzing Bloomberg Commodity Index...
2026-02-15 15:03:57,604 - WARNING - No ticker mapping for Bloomberg Commodity Index, skipping...
2026-02-15 15:03:57,604 - WARNING - Skipping Bloomberg Commodity Index - no data retrieved
2026-02-15 15:03:57,604 - INFO - 
[70/528] Analyzing Bloomberg Terminal / Refinitiv Eikon...
2026-02-15 15:03:57,605 - WARNING - No ticker mapping for Bloomberg Terminal / Refinitiv Eikon, skipping...
2026-02-15 15:03:57,605 - WARNING - Skipping Bloomberg Terminal / Refinitiv Eikon - no data retrieved
2026-02-15 15:03:57,606 - INFO - 
[71/528] Analyzing Brazilian Elections...
2026-02-15 15:03:57,606 - WARNING - No ticker mapping for Brazilian Elections, skipping...
2026-02-15 15:03:57,606 - WARNING - Skipping Brazilian Elections - no data retrieved
2026-02-15 15:03:57,606 - INFO - 
[72/528] Analyzing Breakeven Inflation Rates (5-year, 10-year)...
2026-02-15 15:03:57,606 - WARNING - No ticker mapping for Breakeven Inflation Rates (5-year, 10-year), skipping...
2026-02-15 15:03:57,606 - WARNING - Skipping Breakeven Inflation Rates (5-year, 10-year) - no data retrieved
2026-02-15 15:03:57,606 - INFO - 
[73/528] Analyzing Brexit Developments...
2026-02-15 15:03:57,606 - WARNING - No ticker mapping for Brexit Developments, skipping...
2026-02-15 15:03:57,606 - WARNING - Skipping Brexit Developments - no data retrieved
2026-02-15 15:03:57,607 - INFO - 
[74/528] Analyzing Bull/Bear Ratio in Surveys...
2026-02-15 15:03:57,607 - WARNING - No ticker mapping for Bull/Bear Ratio in Surveys, skipping...
2026-02-15 15:03:57,607 - WARNING - Skipping Bull/Bear Ratio in Surveys - no data retrieved
2026-02-15 15:03:57,607 - INFO - 
[75/528] Analyzing Business Sentiment...
2026-02-15 15:03:57,607 - WARNING - No ticker mapping for Business Sentiment, skipping...
2026-02-15 15:03:57,607 - WARNING - Skipping Business Sentiment - no data retrieved
2026-02-15 15:03:57,607 - INFO - 
[76/528] Analyzing CAC 40 (France)...
2026-02-15 15:03:57,607 - WARNING - No ticker mapping for CAC 40 (France), skipping...
2026-02-15 15:03:57,607 - WARNING - Skipping CAC 40 (France) - no data retrieved
2026-02-15 15:03:57,608 - INFO - 
[77/528] Analyzing CAD/USD...
2026-02-15 15:03:57,608 - WARNING - No ticker mapping for CAD/USD, skipping...
2026-02-15 15:03:57,608 - WARNING - Skipping CAD/USD - no data retrieved
2026-02-15 15:03:57,608 - INFO - 
[78/528] Analyzing CEO Confidence Index...
2026-02-15 15:03:57,608 - WARNING - No ticker mapping for CEO Confidence Index, skipping...
2026-02-15 15:03:57,608 - WARNING - Skipping CEO Confidence Index - no data retrieved
2026-02-15 15:03:57,608 - INFO - 
[79/528] Analyzing CFTC Oversight...
2026-02-15 15:03:57,609 - WARNING - No ticker mapping for CFTC Oversight, skipping...
2026-02-15 15:03:57,609 - WARNING - Skipping CFTC Oversight - no data retrieved
2026-02-15 15:03:57,609 - INFO - 
[80/528] Analyzing CHF/USD (Swiss Franc)...
2026-02-15 15:03:57,609 - WARNING - No ticker mapping for CHF/USD (Swiss Franc), skipping...
2026-02-15 15:03:57,609 - WARNING - Skipping CHF/USD (Swiss Franc) - no data retrieved
2026-02-15 15:03:57,609 - INFO - 
[81/528] Analyzing CME Bitcoin Futures Volume...
2026-02-15 15:03:57,609 - WARNING - No ticker mapping for CME Bitcoin Futures Volume, skipping...
2026-02-15 15:03:57,609 - WARNING - Skipping CME Bitcoin Futures Volume - no data retrieved
2026-02-15 15:03:57,610 - INFO - 
[82/528] Analyzing CME Group...
2026-02-15 15:03:57,610 - WARNING - No ticker mapping for CME Group, skipping...
2026-02-15 15:03:57,611 - WARNING - Skipping CME Group - no data retrieved
2026-02-15 15:03:57,611 - INFO - 
[83/528] Analyzing CME Open Interest...
2026-02-15 15:03:57,611 - WARNING - No ticker mapping for CME Open Interest, skipping...
2026-02-15 15:03:57,611 - WARNING - Skipping CME Open Interest - no data retrieved
2026-02-15 15:03:57,611 - INFO - 
[84/528] Analyzing COVID-19 Pandemic...
2026-02-15 15:03:57,612 - WARNING - No ticker mapping for COVID-19 Pandemic, skipping...
2026-02-15 15:03:57,612 - WARNING - Skipping COVID-19 Pandemic - no data retrieved
2026-02-15 15:03:57,612 - INFO - 
[85/528] Analyzing CPI (Consumer Price Index)...
2026-02-15 15:03:57,612 - WARNING - No ticker mapping for CPI (Consumer Price Index), skipping...
2026-02-15 15:03:57,612 - WARNING - Skipping CPI (Consumer Price Index) - no data retrieved
2026-02-15 15:03:57,612 - INFO - 
[86/528] Analyzing CRB Index...
2026-02-15 15:03:57,612 - WARNING - No ticker mapping for CRB Index, skipping...
2026-02-15 15:03:57,612 - WARNING - Skipping CRB Index - no data retrieved
2026-02-15 15:03:57,612 - INFO - 
[87/528] Analyzing Capacity Utilization (US)...
2026-02-15 15:03:57,612 - WARNING - No ticker mapping for Capacity Utilization (US), skipping...
2026-02-15 15:03:57,613 - WARNING - Skipping Capacity Utilization (US) - no data retrieved
2026-02-15 15:03:57,613 - INFO - 
[88/528] Analyzing Capital Control Implementations...
2026-02-15 15:03:57,613 - WARNING - No ticker mapping for Capital Control Implementations, skipping...
2026-02-15 15:03:57,613 - WARNING - Skipping Capital Control Implementations - no data retrieved
2026-02-15 15:03:57,613 - INFO - 
[89/528] Analyzing Carbon Footprint Estimates...
2026-02-15 15:03:57,613 - WARNING - No ticker mapping for Carbon Footprint Estimates, skipping...
2026-02-15 15:03:57,614 - WARNING - Skipping Carbon Footprint Estimates - no data retrieved
2026-02-15 15:03:57,615 - INFO - 
[90/528] Analyzing Cardano (ADA)...
2026-02-15 15:03:57,615 - WARNING - No ticker mapping for Cardano (ADA), skipping...
2026-02-15 15:03:57,616 - WARNING - Skipping Cardano (ADA) - no data retrieved
2026-02-15 15:03:57,616 - INFO - 
[91/528] Analyzing Case-Shiller Home Price Index...
2026-02-15 15:03:57,616 - WARNING - No ticker mapping for Case-Shiller Home Price Index, skipping...
2026-02-15 15:03:57,616 - WARNING - Skipping Case-Shiller Home Price Index - no data retrieved
2026-02-15 15:03:57,617 - INFO - 
[92/528] Analyzing Cathie Wood (ARK Invest) Comments...
2026-02-15 15:03:57,617 - WARNING - No ticker mapping for Cathie Wood (ARK Invest) Comments, skipping...
2026-02-15 15:03:57,617 - WARNING - Skipping Cathie Wood (ARK Invest) Comments - no data retrieved
2026-02-15 15:03:57,617 - INFO - 
[93/528] Analyzing Celebrity & Influencer Endorsements...
2026-02-15 15:03:57,617 - WARNING - No ticker mapping for Celebrity & Influencer Endorsements, skipping...
2026-02-15 15:03:57,617 - WARNING - Skipping Celebrity & Influencer Endorsements - no data retrieved
2026-02-15 15:03:57,618 - INFO - 
[94/528] Analyzing Central African Republic Bitcoin Adoption (reversed)...
2026-02-15 15:03:57,618 - WARNING - No ticker mapping for Central African Republic Bitcoin Adoption (reversed), skipping...
2026-02-15 15:03:57,618 - WARNING - Skipping Central African Republic Bitcoin Adoption (reversed) - no data retrieved
2026-02-15 15:03:57,618 - INFO - 
[95/528] Analyzing Central Bank Digital Currency (CBDC) Surveys...
2026-02-15 15:03:57,618 - WARNING - No ticker mapping for Central Bank Digital Currency (CBDC) Surveys, skipping...
2026-02-15 15:03:57,618 - WARNING - Skipping Central Bank Digital Currency (CBDC) Surveys - no data retrieved
2026-02-15 15:03:57,619 - INFO - 
[96/528] Analyzing Central Bank Research on Bitcoin...
2026-02-15 15:03:57,619 - WARNING - No ticker mapping for Central Bank Research on Bitcoin, skipping...
2026-02-15 15:03:57,619 - WARNING - Skipping Central Bank Research on Bitcoin - no data retrieved
2026-02-15 15:03:57,619 - INFO - 
[97/528] Analyzing China CBDC (Digital Yuan) Rollout...
2026-02-15 15:03:57,619 - WARNING - No ticker mapping for China CBDC (Digital Yuan) Rollout, skipping...
2026-02-15 15:03:57,619 - WARNING - Skipping China CBDC (Digital Yuan) Rollout - no data retrieved
2026-02-15 15:03:57,619 - INFO - 
[98/528] Analyzing China CPI...
2026-02-15 15:03:57,619 - WARNING - No ticker mapping for China CPI, skipping...
2026-02-15 15:03:57,619 - WARNING - Skipping China CPI - no data retrieved
2026-02-15 15:03:57,620 - INFO - 
[99/528] Analyzing China Caixin Manufacturing PMI...
2026-02-15 15:03:57,620 - WARNING - No ticker mapping for China Caixin Manufacturing PMI, skipping...
2026-02-15 15:03:57,620 - WARNING - Skipping China Caixin Manufacturing PMI - no data retrieved
2026-02-15 15:03:57,620 - INFO - 
[100/528] Analyzing China Crypto Bans/Crackdowns...
2026-02-15 15:03:57,620 - WARNING - No ticker mapping for China Crypto Bans/Crackdowns, skipping...
2026-02-15 15:03:57,620 - WARNING - Skipping China Crypto Bans/Crackdowns - no data retrieved
2026-02-15 15:03:57,620 - INFO - 
[101/528] Analyzing China GDP...
2026-02-15 15:03:57,620 - WARNING - No ticker mapping for China GDP, skipping...
2026-02-15 15:03:57,621 - WARNING - Skipping China GDP - no data retrieved
2026-02-15 15:03:57,621 - INFO - 
[102/528] Analyzing China Trade Balance...
2026-02-15 15:03:57,621 - WARNING - No ticker mapping for China Trade Balance, skipping...
2026-02-15 15:03:57,621 - WARNING - Skipping China Trade Balance - no data retrieved
2026-02-15 15:03:57,621 - INFO - 
[103/528] Analyzing China Urban Unemployment...
2026-02-15 15:03:57,621 - WARNING - No ticker mapping for China Urban Unemployment, skipping...
2026-02-15 15:03:57,622 - WARNING - Skipping China Urban Unemployment - no data retrieved
2026-02-15 15:03:57,622 - INFO - 
[104/528] Analyzing China-Taiwan Tensions...
2026-02-15 15:03:57,622 - WARNING - No ticker mapping for China-Taiwan Tensions, skipping...
2026-02-15 15:03:57,622 - WARNING - Skipping China-Taiwan Tensions - no data retrieved
2026-02-15 15:03:57,622 - INFO - 
[105/528] Analyzing Chinese New Year...
2026-02-15 15:03:57,622 - WARNING - No ticker mapping for Chinese New Year, skipping...
2026-02-15 15:03:57,622 - WARNING - Skipping Chinese New Year - no data retrieved
2026-02-15 15:03:57,623 - INFO - 
[106/528] Analyzing Circulating Supply...
2026-02-15 15:03:57,623 - WARNING - No ticker mapping for Circulating Supply, skipping...
2026-02-15 15:03:57,623 - WARNING - Skipping Circulating Supply - no data retrieved
2026-02-15 15:03:57,623 - INFO - 
[107/528] Analyzing Climate Events...
2026-02-15 15:03:57,623 - WARNING - No ticker mapping for Climate Events, skipping...
2026-02-15 15:03:57,623 - WARNING - Skipping Climate Events - no data retrieved
2026-02-15 15:03:57,623 - INFO - 
[108/528] Analyzing Coal Prices...
2026-02-15 15:03:57,623 - WARNING - No ticker mapping for Coal Prices, skipping...
2026-02-15 15:03:57,623 - WARNING - Skipping Coal Prices - no data retrieved
2026-02-15 15:03:57,624 - INFO - 
[109/528] Analyzing CoinDesk, Cointelegraph, The Block...
2026-02-15 15:03:57,624 - WARNING - No ticker mapping for CoinDesk, Cointelegraph, The Block, skipping...
2026-02-15 15:03:57,624 - WARNING - Skipping CoinDesk, Cointelegraph, The Block - no data retrieved
2026-02-15 15:03:57,624 - INFO - 
[110/528] Analyzing CoinDesk, Cointelegraph, The Block Coverage...
2026-02-15 15:03:57,624 - WARNING - No ticker mapping for CoinDesk, Cointelegraph, The Block Coverage, skipping...
2026-02-15 15:03:57,624 - WARNING - Skipping CoinDesk, Cointelegraph, The Block Coverage - no data retrieved
2026-02-15 15:03:57,624 - INFO - 
[111/528] Analyzing CoinGecko API...
2026-02-15 15:03:57,624 - WARNING - No ticker mapping for CoinGecko API, skipping...
2026-02-15 15:03:57,624 - WARNING - Skipping CoinGecko API - no data retrieved
2026-02-15 15:03:57,625 - INFO - 
[112/528] Analyzing CoinGecko/CoinMarketCap Traffic...
2026-02-15 15:03:57,625 - WARNING - No ticker mapping for CoinGecko/CoinMarketCap Traffic, skipping...
2026-02-15 15:03:57,625 - WARNING - Skipping CoinGecko/CoinMarketCap Traffic - no data retrieved
2026-02-15 15:03:57,625 - INFO - 
[113/528] Analyzing CoinMarketCap API...
2026-02-15 15:03:57,625 - WARNING - No ticker mapping for CoinMarketCap API, skipping...
2026-02-15 15:03:57,625 - WARNING - Skipping CoinMarketCap API - no data retrieved
2026-02-15 15:03:57,625 - INFO - 
[114/528] Analyzing CoinMetrics API...
2026-02-15 15:03:57,625 - WARNING - No ticker mapping for CoinMetrics API, skipping...
2026-02-15 15:03:57,625 - WARNING - Skipping CoinMetrics API - no data retrieved
2026-02-15 15:03:57,625 - INFO - 
[115/528] Analyzing Coinbase Custody Assets...
2026-02-15 15:03:57,626 - WARNING - No ticker mapping for Coinbase Custody Assets, skipping...
2026-02-15 15:03:57,626 - WARNING - Skipping Coinbase Custody Assets - no data retrieved
2026-02-15 15:03:57,626 - INFO - 
[116/528] Analyzing Commercial & Industrial Loans...
2026-02-15 15:03:57,626 - WARNING - No ticker mapping for Commercial & Industrial Loans, skipping...
2026-02-15 15:03:57,626 - WARNING - Skipping Commercial & Industrial Loans - no data retrieved
2026-02-15 15:03:57,626 - INFO - 
[117/528] Analyzing Commodity Currencies...
2026-02-15 15:03:57,627 - WARNING - No ticker mapping for Commodity Currencies, skipping...
2026-02-15 15:03:57,627 - WARNING - Skipping Commodity Currencies - no data retrieved
2026-02-15 15:03:57,627 - INFO - 
[118/528] Analyzing Commodity Indices...
2026-02-15 15:03:57,627 - WARNING - No ticker mapping for Commodity Indices, skipping...
2026-02-15 15:03:57,627 - WARNING - Skipping Commodity Indices - no data retrieved
2026-02-15 15:03:57,627 - INFO - 
[119/528] Analyzing Computing & Hardware...
2026-02-15 15:03:57,628 - WARNING - No ticker mapping for Computing & Hardware, skipping...
2026-02-15 15:03:57,628 - WARNING - Skipping Computing & Hardware - no data retrieved
2026-02-15 15:03:57,628 - INFO - 
[120/528] Analyzing Conference Board Consumer Confidence...
2026-02-15 15:03:57,628 - WARNING - No ticker mapping for Conference Board Consumer Confidence, skipping...
2026-02-15 15:03:57,628 - WARNING - Skipping Conference Board Consumer Confidence - no data retrieved
2026-02-15 15:03:57,628 - INFO - 
[121/528] Analyzing Congressional Hearings...
2026-02-15 15:03:57,628 - WARNING - No ticker mapping for Congressional Hearings, skipping...
2026-02-15 15:03:57,628 - WARNING - Skipping Congressional Hearings - no data retrieved
2026-02-15 15:03:57,628 - INFO - 
[122/528] Analyzing Consumer Confidence...
2026-02-15 15:03:57,628 - WARNING - No ticker mapping for Consumer Confidence, skipping...
2026-02-15 15:03:57,629 - WARNING - Skipping Consumer Confidence - no data retrieved
2026-02-15 15:03:57,629 - INFO - 
[123/528] Analyzing Consumer Expectations (UM sub-index)...
2026-02-15 15:03:57,629 - WARNING - No ticker mapping for Consumer Expectations (UM sub-index), skipping...
2026-02-15 15:03:57,629 - WARNING - Skipping Consumer Expectations (UM sub-index) - no data retrieved
2026-02-15 15:03:57,629 - INFO - 
[124/528] Analyzing Coordination & Manipulation Concerns...
2026-02-15 15:03:57,629 - WARNING - No ticker mapping for Coordination & Manipulation Concerns, skipping...
2026-02-15 15:03:57,629 - WARNING - Skipping Coordination & Manipulation Concerns - no data retrieved
2026-02-15 15:03:57,629 - INFO - 
[125/528] Analyzing Copper...
2026-02-15 15:03:57,630 - INFO - Fetching data for Copper (HG=F)...
2026-02-15 15:03:57,980 - INFO - Raw data type: <class 'pandas.core.frame.DataFrame'>, columns: [('Close', 'HG=F'), ('High', 'HG=F'), ('Low', 'HG=F'), ('Open', 'HG=F'), ('Volume', 'HG=F')]
2026-02-15 15:03:57,980 - INFO - After reset_index - columns: ['Date', 'Close', 'High', 'Low', 'Open', 'Volume']
2026-02-15 15:03:57,982 - INFO - Successfully fetched 1036 records for Copper
2026-02-15 15:03:58,569 - INFO - Saved visualization to BTC_Factor_Reports\chart_Copper.png
2026-02-15 15:03:58,872 - INFO - Created PDF report: BTC_Factor_Reports\BTC_vs_Copper.pdf
2026-02-15 15:03:58,875 - INFO - [OK] Copper: Correlation = 0.1114
2026-02-15 15:03:58,875 - INFO - 
[126/528] Analyzing Core CPI (ex-food & energy)...
2026-02-15 15:03:58,875 - WARNING - No ticker mapping for Core CPI (ex-food & energy), skipping...
2026-02-15 15:03:58,875 - WARNING - Skipping Core CPI (ex-food & energy) - no data retrieved
2026-02-15 15:03:58,875 - INFO - 
[127/528] Analyzing Core PCE...
2026-02-15 15:03:58,876 - WARNING - No ticker mapping for Core PCE, skipping...
2026-02-15 15:03:58,876 - WARNING - Skipping Core PCE - no data retrieved
2026-02-15 15:03:58,876 - INFO - 
[128/528] Analyzing Corn, Wheat, Soybeans...
2026-02-15 15:03:58,876 - WARNING - No ticker mapping for Corn, Wheat, Soybeans, skipping...
2026-02-15 15:03:58,876 - WARNING - Skipping Corn, Wheat, Soybeans - no data retrieved
2026-02-15 15:03:58,876 - INFO - 
[129/528] Analyzing Corporate Bonds...
2026-02-15 15:03:58,876 - WARNING - No ticker mapping for Corporate Bonds, skipping...
2026-02-15 15:03:58,876 - WARNING - Skipping Corporate Bonds - no data retrieved
2026-02-15 15:03:58,877 - INFO - 
[130/528] Analyzing Coup Attempts/Political Instability...
2026-02-15 15:03:58,877 - WARNING - No ticker mapping for Coup Attempts/Political Instability, skipping...
2026-02-15 15:03:58,877 - WARNING - Skipping Coup Attempts/Political Instability - no data retrieved
2026-02-15 15:03:58,877 - INFO - 
[131/528] Analyzing Crude Oil (WTI & Brent)...
2026-02-15 15:03:58,877 - WARNING - No ticker mapping for Crude Oil (WTI & Brent), skipping...
2026-02-15 15:03:58,877 - WARNING - Skipping Crude Oil (WTI & Brent) - no data retrieved
2026-02-15 15:03:58,877 - INFO - 
[132/528] Analyzing Crude Oil (WTI)...
2026-02-15 15:03:58,879 - INFO - Fetching data for Crude Oil (WTI) (CL=F)...
2026-02-15 15:03:58,988 - INFO - Raw data type: <class 'pandas.core.frame.DataFrame'>, columns: [('Close', 'CL=F'), ('High', 'CL=F'), ('Low', 'CL=F'), ('Open', 'CL=F'), ('Volume', 'CL=F')]
2026-02-15 15:03:58,989 - INFO - After reset_index - columns: ['Date', 'Close', 'High', 'Low', 'Open', 'Volume']
2026-02-15 15:03:58,991 - INFO - Successfully fetched 1035 records for Crude Oil (WTI)
2026-02-15 15:03:59,532 - INFO - Saved visualization to BTC_Factor_Reports\chart_Crude_Oil__WTI_.png
2026-02-15 15:03:59,833 - INFO - Created PDF report: BTC_Factor_Reports\BTC_vs_Crude_Oil__WTI_.pdf
2026-02-15 15:03:59,835 - INFO - [OK] Crude Oil (WTI): Correlation = 0.0329
2026-02-15 15:03:59,835 - INFO - 
[133/528] Analyzing Crypto Exchange App Rankings...
2026-02-15 15:03:59,836 - WARNING - No ticker mapping for Crypto Exchange App Rankings, skipping...
2026-02-15 15:03:59,836 - WARNING - Skipping Crypto Exchange App Rankings - no data retrieved
2026-02-15 15:03:59,836 - INFO - 
[134/528] Analyzing Crypto Fear & Greed Index...
2026-02-15 15:03:59,836 - WARNING - No ticker mapping for Crypto Fear & Greed Index, skipping...
2026-02-15 15:03:59,836 - WARNING - Skipping Crypto Fear & Greed Index - no data retrieved
2026-02-15 15:03:59,836 - INFO - 
[135/528] Analyzing Crypto Ownership by Country...
2026-02-15 15:03:59,836 - WARNING - No ticker mapping for Crypto Ownership by Country, skipping...
2026-02-15 15:03:59,836 - WARNING - Skipping Crypto Ownership by Country - no data retrieved
2026-02-15 15:03:59,836 - INFO - 
[136/528] Analyzing Crypto Podcast Mentions...
2026-02-15 15:03:59,837 - WARNING - No ticker mapping for Crypto Podcast Mentions, skipping...
2026-02-15 15:03:59,837 - WARNING - Skipping Crypto Podcast Mentions - no data retrieved
2026-02-15 15:03:59,837 - INFO - 
[137/528] Analyzing Crypto Twitter Engagement...
2026-02-15 15:03:59,837 - WARNING - No ticker mapping for Crypto Twitter Engagement, skipping...
2026-02-15 15:03:59,837 - WARNING - Skipping Crypto Twitter Engagement - no data retrieved
2026-02-15 15:03:59,837 - INFO - 
[138/528] Analyzing Crypto Wallet Downloads...
2026-02-15 15:03:59,837 - WARNING - No ticker mapping for Crypto Wallet Downloads, skipping...
2026-02-15 15:03:59,837 - WARNING - Skipping Crypto Wallet Downloads - no data retrieved
2026-02-15 15:03:59,838 - INFO - 
[139/528] Analyzing Crypto-Specific Media...
2026-02-15 15:03:59,838 - WARNING - No ticker mapping for Crypto-Specific Media, skipping...
2026-02-15 15:03:59,838 - WARNING - Skipping Crypto-Specific Media - no data retrieved
2026-02-15 15:03:59,838 - INFO - 
[140/528] Analyzing Crypto-Themed Events (Bitcoin Conference, etc.)...
2026-02-15 15:03:59,839 - WARNING - No ticker mapping for Crypto-Themed Events (Bitcoin Conference, etc.), skipping...
2026-02-15 15:03:59,839 - WARNING - Skipping Crypto-Themed Events (Bitcoin Conference, etc.) - no data retrieved
2026-02-15 15:03:59,839 - INFO - 
[141/528] Analyzing CryptoQuant API...
2026-02-15 15:03:59,840 - WARNING - No ticker mapping for CryptoQuant API, skipping...
2026-02-15 15:03:59,840 - WARNING - Skipping CryptoQuant API - no data retrieved
2026-02-15 15:03:59,841 - INFO - 
[142/528] Analyzing Cryptocurrency Data...
2026-02-15 15:03:59,841 - WARNING - No ticker mapping for Cryptocurrency Data, skipping...
2026-02-15 15:03:59,841 - WARNING - Skipping Cryptocurrency Data - no data retrieved
2026-02-15 15:03:59,842 - INFO - 
[143/528] Analyzing Currency Crises...
2026-02-15 15:03:59,842 - WARNING - No ticker mapping for Currency Crises, skipping...
2026-02-15 15:03:59,842 - WARNING - Skipping Currency Crises - no data retrieved
2026-02-15 15:03:59,842 - INFO - 
[144/528] Analyzing Current Account Balances (Major Economies)...
2026-02-15 15:03:59,842 - WARNING - No ticker mapping for Current Account Balances (Major Economies), skipping...
2026-02-15 15:03:59,843 - WARNING - Skipping Current Account Balances (Major Economies) - no data retrieved
2026-02-15 15:03:59,843 - INFO - 
[145/528] Analyzing DAI Market Cap...
2026-02-15 15:03:59,843 - WARNING - No ticker mapping for DAI Market Cap, skipping...
2026-02-15 15:03:59,844 - WARNING - Skipping DAI Market Cap - no data retrieved
2026-02-15 15:03:59,844 - INFO - 
[146/528] Analyzing DAX (Germany)...
2026-02-15 15:03:59,844 - WARNING - No ticker mapping for DAX (Germany), skipping...
2026-02-15 15:03:59,844 - WARNING - Skipping DAX (Germany) - no data retrieved
2026-02-15 15:03:59,844 - INFO - 
[147/528] Analyzing DXY (US Dollar Index)...
2026-02-15 15:03:59,845 - INFO - Fetching data for DXY (US Dollar Index) (DXY=F)...
2026-02-15 15:04:00,449 - ERROR - HTTP Error 404: {"quoteSummary":{"result":null,"error":{"code":"Not Found","description":"Quote not found for symbol: DXY=F"}}}
2026-02-15 15:04:00,607 - ERROR - $DXY=F: possibly delisted; no timezone found
2026-02-15 15:04:00,614 - ERROR - 
1 Failed download:
2026-02-15 15:04:00,614 - ERROR - ['DXY=F']: possibly delisted; no timezone found
2026-02-15 15:04:00,621 - WARNING - No data retrieved for DXY (US Dollar Index)
2026-02-15 15:04:00,621 - WARNING - Skipping DXY (US Dollar Index) - no data retrieved
2026-02-15 15:04:00,622 - INFO - 
[148/528] Analyzing Daily...
2026-02-15 15:04:00,622 - WARNING - No ticker mapping for Daily, skipping...
2026-02-15 15:04:00,622 - WARNING - Skipping Daily - no data retrieved
2026-02-15 15:04:00,623 - INFO - 
[149/528] Analyzing Daily Transaction Volume...
2026-02-15 15:04:00,623 - WARNING - No ticker mapping for Daily Transaction Volume, skipping...
2026-02-15 15:04:00,623 - WARNING - Skipping Daily Transaction Volume - no data retrieved
2026-02-15 15:04:00,623 - INFO - 
[150/528] Analyzing DeFi & Lending Platforms...
2026-02-15 15:04:00,623 - WARNING - No ticker mapping for DeFi & Lending Platforms, skipping...
2026-02-15 15:04:00,623 - WARNING - Skipping DeFi & Lending Platforms - no data retrieved
2026-02-15 15:04:00,623 - INFO - 
[151/528] Analyzing DeFi Protocol Exploits...
2026-02-15 15:04:00,624 - WARNING - No ticker mapping for DeFi Protocol Exploits, skipping...
2026-02-15 15:04:00,624 - WARNING - Skipping DeFi Protocol Exploits - no data retrieved
2026-02-15 15:04:00,624 - INFO - 
[152/528] Analyzing DeFi Protocol Launches...
2026-02-15 15:04:00,624 - WARNING - No ticker mapping for DeFi Protocol Launches, skipping...
2026-02-15 15:04:00,624 - WARNING - Skipping DeFi Protocol Launches - no data retrieved
2026-02-15 15:04:00,624 - INFO - 
[153/528] Analyzing DeFi Tokens...
2026-02-15 15:04:00,625 - WARNING - No ticker mapping for DeFi Tokens, skipping...
2026-02-15 15:04:00,625 - WARNING - Skipping DeFi Tokens - no data retrieved
2026-02-15 15:04:00,625 - INFO - 
[154/528] Analyzing Debt Ceiling Debates (US)...
2026-02-15 15:04:00,625 - WARNING - No ticker mapping for Debt Ceiling Debates (US), skipping...
2026-02-15 15:04:00,625 - WARNING - Skipping Debt Ceiling Debates (US) - no data retrieved
2026-02-15 15:04:00,625 - INFO - 
[155/528] Analyzing Deribit API...
2026-02-15 15:04:00,626 - WARNING - No ticker mapping for Deribit API, skipping...
2026-02-15 15:04:00,626 - WARNING - Skipping Deribit API - no data retrieved
2026-02-15 15:04:00,626 - INFO - 
[156/528] Analyzing Developer Activity (GitHub Commits)...
2026-02-15 15:04:00,626 - WARNING - No ticker mapping for Developer Activity (GitHub Commits), skipping...
2026-02-15 15:04:00,626 - WARNING - Skipping Developer Activity (GitHub Commits) - no data retrieved
2026-02-15 15:04:00,626 - INFO - 
[157/528] Analyzing Direct Competitors...
2026-02-15 15:04:00,627 - WARNING - No ticker mapping for Direct Competitors, skipping...
2026-02-15 15:04:00,627 - WARNING - Skipping Direct Competitors - no data retrieved
2026-02-15 15:04:00,627 - INFO - 
[158/528] Analyzing Discord Server Activity...
2026-02-15 15:04:00,627 - WARNING - No ticker mapping for Discord Server Activity, skipping...
2026-02-15 15:04:00,628 - WARNING - Skipping Discord Server Activity - no data retrieved
2026-02-15 15:04:00,628 - INFO - 
[159/528] Analyzing Dormant Coins Awakening (Old addresses moving)...
2026-02-15 15:04:00,628 - WARNING - No ticker mapping for Dormant Coins Awakening (Old addresses moving), skipping...
2026-02-15 15:04:00,628 - WARNING - Skipping Dormant Coins Awakening (Old addresses moving) - no data retrieved
2026-02-15 15:04:00,628 - INFO - 
[160/528] Analyzing Dow Jones Industrial Average...
2026-02-15 15:04:00,629 - INFO - Fetching data for Dow Jones Industrial Average (^DJI)...
2026-02-15 15:04:00,745 - INFO - Raw data type: <class 'pandas.core.frame.DataFrame'>, columns: [('Close', '^DJI'), ('High', '^DJI'), ('Low', '^DJI'), ('Open', '^DJI'), ('Volume', '^DJI')]
2026-02-15 15:04:00,746 - INFO - After reset_index - columns: ['Date', 'Close', 'High', 'Low', 'Open', 'Volume']
2026-02-15 15:04:00,748 - INFO - Successfully fetched 1033 records for Dow Jones Industrial Average
2026-02-15 15:04:01,288 - INFO - Saved visualization to BTC_Factor_Reports\chart_Dow_Jones_Industrial_Average.png
2026-02-15 15:04:01,598 - INFO - Created PDF report: BTC_Factor_Reports\BTC_vs_Dow_Jones_Industrial_Average.pdf
2026-02-15 15:04:01,601 - INFO - [OK] Dow Jones Industrial Average: Correlation = 0.3693
2026-02-15 15:04:01,601 - INFO - 
[161/528] Analyzing Droughts (Hydroelectric Power)...
2026-02-15 15:04:01,601 - WARNING - No ticker mapping for Droughts (Hydroelectric Power), skipping...
2026-02-15 15:04:01,602 - WARNING - Skipping Droughts (Hydroelectric Power) - no data retrieved
2026-02-15 15:04:01,602 - INFO - 
[162/528] Analyzing ECB Asset Purchase Programs...
2026-02-15 15:04:01,602 - WARNING - No ticker mapping for ECB Asset Purchase Programs, skipping...
2026-02-15 15:04:01,602 - WARNING - Skipping ECB Asset Purchase Programs - no data retrieved
2026-02-15 15:04:01,602 - INFO - 
[163/528] Analyzing ECB Deposit Rate...
2026-02-15 15:04:01,603 - WARNING - No ticker mapping for ECB Deposit Rate, skipping...
2026-02-15 15:04:01,603 - WARNING - Skipping ECB Deposit Rate - no data retrieved
2026-02-15 15:04:01,603 - INFO - 
[164/528] Analyzing ECB Digital Euro Development...
2026-02-15 15:04:01,603 - WARNING - No ticker mapping for ECB Digital Euro Development, skipping...
2026-02-15 15:04:01,603 - WARNING - Skipping ECB Digital Euro Development - no data retrieved
2026-02-15 15:04:01,603 - INFO - 
[165/528] Analyzing ECB Policy Meetings...
2026-02-15 15:04:01,603 - WARNING - No ticker mapping for ECB Policy Meetings, skipping...
2026-02-15 15:04:01,603 - WARNING - Skipping ECB Policy Meetings - no data retrieved
2026-02-15 15:04:01,603 - INFO - 
[166/528] Analyzing ECB President Speeches (Lagarde)...
2026-02-15 15:04:01,603 - WARNING - No ticker mapping for ECB President Speeches (Lagarde), skipping...
2026-02-15 15:04:01,604 - WARNING - Skipping ECB President Speeches (Lagarde) - no data retrieved
2026-02-15 15:04:01,604 - INFO - 
[167/528] Analyzing ETF Daily Flows...
2026-02-15 15:04:01,604 - WARNING - No ticker mapping for ETF Daily Flows, skipping...
2026-02-15 15:04:01,605 - WARNING - Skipping ETF Daily Flows - no data retrieved
2026-02-15 15:04:01,605 - INFO - 
[168/528] Analyzing EU Parliament Elections...
2026-02-15 15:04:01,605 - WARNING - No ticker mapping for EU Parliament Elections, skipping...
2026-02-15 15:04:01,605 - WARNING - Skipping EU Parliament Elections - no data retrieved
2026-02-15 15:04:01,606 - INFO - 
[169/528] Analyzing EUR/USD...
2026-02-15 15:04:01,606 - INFO - Fetching data for EUR/USD (EURUSD=X)...
2026-02-15 15:04:01,748 - INFO - Raw data type: <class 'pandas.core.frame.DataFrame'>, columns: [('Close', 'EURUSD=X'), ('High', 'EURUSD=X'), ('Low', 'EURUSD=X'), ('Open', 'EURUSD=X'), ('Volume', 'EURUSD=X')]
2026-02-15 15:04:01,749 - INFO - After reset_index - columns: ['Date', 'Close', 'High', 'Low', 'Open', 'Volume']
2026-02-15 15:04:01,750 - INFO - Successfully fetched 1070 records for EUR/USD
2026-02-15 15:04:02,304 - INFO - Saved visualization to BTC_Factor_Reports\chart_EUR_USD.png
2026-02-15 15:04:02,603 - INFO - Created PDF report: BTC_Factor_Reports\BTC_vs_EUR_USD.pdf
2026-02-15 15:04:02,604 - INFO - [OK] EUR/USD: Correlation = 0.0423
2026-02-15 15:04:02,604 - INFO - 
[170/528] Analyzing El Salvador Bitcoin Legal Tender...
2026-02-15 15:04:02,605 - WARNING - No ticker mapping for El Salvador Bitcoin Legal Tender, skipping...
2026-02-15 15:04:02,605 - WARNING - Skipping El Salvador Bitcoin Legal Tender - no data retrieved
2026-02-15 15:04:02,605 - INFO - 
[171/528] Analyzing Electricity Prices (Regional)...
2026-02-15 15:04:02,605 - WARNING - No ticker mapping for Electricity Prices (Regional), skipping...
2026-02-15 15:04:02,605 - WARNING - Skipping Electricity Prices (Regional) - no data retrieved
2026-02-15 15:04:02,605 - INFO - 
[172/528] Analyzing Electricity Rates (Global/Regional)...
2026-02-15 15:04:02,605 - WARNING - No ticker mapping for Electricity Rates (Global/Regional), skipping...
2026-02-15 15:04:02,605 - WARNING - Skipping Electricity Rates (Global/Regional) - no data retrieved
2026-02-15 15:04:02,606 - INFO - 
[173/528] Analyzing Elon Musk Tweets...
2026-02-15 15:04:02,606 - WARNING - No ticker mapping for Elon Musk Tweets, skipping...
2026-02-15 15:04:02,606 - WARNING - Skipping Elon Musk Tweets - no data retrieved
2026-02-15 15:04:02,606 - INFO - 
[174/528] Analyzing Emerging Market Currencies...
2026-02-15 15:04:02,606 - WARNING - No ticker mapping for Emerging Market Currencies, skipping...
2026-02-15 15:04:02,606 - WARNING - Skipping Emerging Market Currencies - no data retrieved
2026-02-15 15:04:02,606 - INFO - 
[175/528] Analyzing Emerging Market Elections...
2026-02-15 15:04:02,606 - WARNING - No ticker mapping for Emerging Market Elections, skipping...
2026-02-15 15:04:02,606 - WARNING - Skipping Emerging Market Elections - no data retrieved
2026-02-15 15:04:02,606 - INFO - 
[176/528] Analyzing Emerging Markets...
2026-02-15 15:04:02,606 - WARNING - No ticker mapping for Emerging Markets, skipping...
2026-02-15 15:04:02,607 - WARNING - Skipping Emerging Markets - no data retrieved
2026-02-15 15:04:02,607 - INFO - 
[177/528] Analyzing Energy...
2026-02-15 15:04:02,607 - WARNING - No ticker mapping for Energy, skipping...
2026-02-15 15:04:02,607 - WARNING - Skipping Energy - no data retrieved
2026-02-15 15:04:02,607 - INFO - 
[178/528] Analyzing Energy Prices...
2026-02-15 15:04:02,607 - WARNING - No ticker mapping for Energy Prices, skipping...
2026-02-15 15:04:02,607 - WARNING - Skipping Energy Prices - no data retrieved
2026-02-15 15:04:02,607 - INFO - 
[179/528] Analyzing Environmental Concerns...
2026-02-15 15:04:02,607 - WARNING - No ticker mapping for Environmental Concerns, skipping...
2026-02-15 15:04:02,607 - WARNING - Skipping Environmental Concerns - no data retrieved
2026-02-15 15:04:02,607 - INFO - 
[180/528] Analyzing Ethereum (ETH)...
2026-02-15 15:04:02,608 - INFO - Fetching data for Ethereum (ETH) (ETH-USD)...
2026-02-15 15:04:02,799 - INFO - Raw data type: <class 'pandas.core.frame.DataFrame'>, columns: [('Close', 'ETH-USD'), ('High', 'ETH-USD'), ('Low', 'ETH-USD'), ('Open', 'ETH-USD'), ('Volume', 'ETH-USD')]
2026-02-15 15:04:02,800 - INFO - After reset_index - columns: ['Date', 'Close', 'High', 'Low', 'Open', 'Volume']
2026-02-15 15:04:02,802 - INFO - Successfully fetched 1506 records for Ethereum (ETH)
2026-02-15 15:04:03,375 - INFO - Saved visualization to BTC_Factor_Reports\chart_Ethereum__ETH_.png
2026-02-15 15:04:03,702 - INFO - Created PDF report: BTC_Factor_Reports\BTC_vs_Ethereum__ETH_.pdf
2026-02-15 15:04:03,705 - INFO - [OK] Ethereum (ETH): Correlation = 0.8377
2026-02-15 15:04:03,706 - INFO - 
[181/528] Analyzing Ethereum Upgrades (The Merge, Dencun, etc.)...
2026-02-15 15:04:03,707 - WARNING - No ticker mapping for Ethereum Upgrades (The Merge, Dencun, etc.), skipping...
2026-02-15 15:04:03,707 - WARNING - Skipping Ethereum Upgrades (The Merge, Dencun, etc.) - no data retrieved
2026-02-15 15:04:03,707 - INFO - 
[182/528] Analyzing European Central Bank...
2026-02-15 15:04:03,707 - WARNING - No ticker mapping for European Central Bank, skipping...
2026-02-15 15:04:03,708 - WARNING - Skipping European Central Bank - no data retrieved
2026-02-15 15:04:03,709 - INFO - 
[183/528] Analyzing European Indices...
2026-02-15 15:04:03,709 - WARNING - No ticker mapping for European Indices, skipping...
2026-02-15 15:04:03,709 - WARNING - Skipping European Indices - no data retrieved
2026-02-15 15:04:03,709 - INFO - 
[184/528] Analyzing European Union...
2026-02-15 15:04:03,710 - WARNING - No ticker mapping for European Union, skipping...
2026-02-15 15:04:03,710 - WARNING - Skipping European Union - no data retrieved
2026-02-15 15:04:03,710 - INFO - 
[185/528] Analyzing Eurozone GDP...
2026-02-15 15:04:03,711 - WARNING - No ticker mapping for Eurozone GDP, skipping...
2026-02-15 15:04:03,711 - WARNING - Skipping Eurozone GDP - no data retrieved
2026-02-15 15:04:03,711 - INFO - 
[186/528] Analyzing Eurozone HICP (Harmonized Index of Consumer Prices)...
2026-02-15 15:04:03,711 - WARNING - No ticker mapping for Eurozone HICP (Harmonized Index of Consumer Prices), skipping...
2026-02-15 15:04:03,711 - WARNING - Skipping Eurozone HICP (Harmonized Index of Consumer Prices) - no data retrieved
2026-02-15 15:04:03,712 - INFO - 
[187/528] Analyzing Eurozone Manufacturing PMI...
2026-02-15 15:04:03,712 - WARNING - No ticker mapping for Eurozone Manufacturing PMI, skipping...
2026-02-15 15:04:03,712 - WARNING - Skipping Eurozone Manufacturing PMI - no data retrieved
2026-02-15 15:04:03,713 - INFO - 
[188/528] Analyzing Eurozone Unemployment Rate...
2026-02-15 15:04:03,713 - WARNING - No ticker mapping for Eurozone Unemployment Rate, skipping...
2026-02-15 15:04:03,716 - WARNING - Skipping Eurozone Unemployment Rate - no data retrieved
2026-02-15 15:04:03,717 - INFO - 
[189/528] Analyzing Event-Driven...
2026-02-15 15:04:03,718 - WARNING - No ticker mapping for Event-Driven, skipping...
2026-02-15 15:04:03,719 - WARNING - Skipping Event-Driven - no data retrieved
2026-02-15 15:04:03,719 - INFO - 
[190/528] Analyzing Exchange APIs...
2026-02-15 15:04:03,719 - WARNING - No ticker mapping for Exchange APIs, skipping...
2026-02-15 15:04:03,719 - WARNING - Skipping Exchange APIs - no data retrieved
2026-02-15 15:04:03,720 - INFO - 
[191/528] Analyzing Exchange Bankruptcies...
2026-02-15 15:04:03,720 - WARNING - No ticker mapping for Exchange Bankruptcies, skipping...
2026-02-15 15:04:03,720 - WARNING - Skipping Exchange Bankruptcies - no data retrieved
2026-02-15 15:04:03,721 - INFO - 
[192/528] Analyzing Exchange Dynamics...
2026-02-15 15:04:03,721 - WARNING - No ticker mapping for Exchange Dynamics, skipping...
2026-02-15 15:04:03,721 - WARNING - Skipping Exchange Dynamics - no data retrieved
2026-02-15 15:04:03,721 - INFO - 
[193/528] Analyzing Exchange Flows...
2026-02-15 15:04:03,722 - WARNING - No ticker mapping for Exchange Flows, skipping...
2026-02-15 15:04:03,722 - WARNING - Skipping Exchange Flows - no data retrieved
2026-02-15 15:04:03,722 - INFO - 
[194/528] Analyzing Exchange Hacks...
2026-02-15 15:04:03,722 - WARNING - No ticker mapping for Exchange Hacks, skipping...
2026-02-15 15:04:03,722 - WARNING - Skipping Exchange Hacks - no data retrieved
2026-02-15 15:04:03,722 - INFO - 
[195/528] Analyzing Exchange Inflows...
2026-02-15 15:04:03,723 - WARNING - No ticker mapping for Exchange Inflows, skipping...
2026-02-15 15:04:03,723 - WARNING - Skipping Exchange Inflows - no data retrieved
2026-02-15 15:04:03,723 - INFO - 
[196/528] Analyzing Exchange Netflows (Inflows - Outflows)...
2026-02-15 15:04:03,723 - WARNING - No ticker mapping for Exchange Netflows (Inflows - Outflows), skipping...
2026-02-15 15:04:03,723 - WARNING - Skipping Exchange Netflows (Inflows - Outflows) - no data retrieved
2026-02-15 15:04:03,723 - INFO - 
[197/528] Analyzing Exchange Operations...
2026-02-15 15:04:03,723 - WARNING - No ticker mapping for Exchange Operations, skipping...
2026-02-15 15:04:03,724 - WARNING - Skipping Exchange Operations - no data retrieved
2026-02-15 15:04:03,724 - INFO - 
[198/528] Analyzing Exchange Outages...
2026-02-15 15:04:03,724 - WARNING - No ticker mapping for Exchange Outages, skipping...
2026-02-15 15:04:03,724 - WARNING - Skipping Exchange Outages - no data retrieved
2026-02-15 15:04:03,724 - INFO - 
[199/528] Analyzing Exchange Outflows...
2026-02-15 15:04:03,724 - WARNING - No ticker mapping for Exchange Outflows, skipping...
2026-02-15 15:04:03,725 - WARNING - Skipping Exchange Outflows - no data retrieved
2026-02-15 15:04:03,725 - INFO - 
[200/528] Analyzing Exchange Proof of Reserves...
2026-02-15 15:04:03,725 - WARNING - No ticker mapping for Exchange Proof of Reserves, skipping...
2026-02-15 15:04:03,725 - WARNING - Skipping Exchange Proof of Reserves - no data retrieved
2026-02-15 15:04:03,725 - INFO - 
[201/528] Analyzing Exchange Reserves by Individual Exchange...
2026-02-15 15:04:03,726 - WARNING - No ticker mapping for Exchange Reserves by Individual Exchange, skipping...
2026-02-15 15:04:03,726 - WARNING - Skipping Exchange Reserves by Individual Exchange - no data retrieved
2026-02-15 15:04:03,726 - INFO - 
[202/528] Analyzing Exchange Supply...
2026-02-15 15:04:03,727 - WARNING - No ticker mapping for Exchange Supply, skipping...
2026-02-15 15:04:03,727 - WARNING - Skipping Exchange Supply - no data retrieved
2026-02-15 15:04:03,727 - INFO - 
[203/528] Analyzing Exchange Token Burns (BNB, etc.)...
2026-02-15 15:04:03,727 - WARNING - No ticker mapping for Exchange Token Burns (BNB, etc.), skipping...
2026-02-15 15:04:03,727 - WARNING - Skipping Exchange Token Burns (BNB, etc.) - no data retrieved
2026-02-15 15:04:03,727 - INFO - 
[204/528] Analyzing Existential Risks...
2026-02-15 15:04:03,727 - WARNING - No ticker mapping for Existential Risks, skipping...
2026-02-15 15:04:03,728 - WARNING - Skipping Existential Risks - no data retrieved
2026-02-15 15:04:03,728 - INFO - 
[205/528] Analyzing Extreme Weather Events...
2026-02-15 15:04:03,728 - WARNING - No ticker mapping for Extreme Weather Events, skipping...
2026-02-15 15:04:03,728 - WARNING - Skipping Extreme Weather Events - no data retrieved
2026-02-15 15:04:03,728 - INFO - 
[206/528] Analyzing FATF (Financial Action Task Force) Guidelines...
2026-02-15 15:04:03,728 - WARNING - No ticker mapping for FATF (Financial Action Task Force) Guidelines, skipping...
2026-02-15 15:04:03,729 - WARNING - Skipping FATF (Financial Action Task Force) Guidelines - no data retrieved
2026-02-15 15:04:03,729 - INFO - 
[207/528] Analyzing FOMC Meeting Statements...
2026-02-15 15:04:03,729 - WARNING - No ticker mapping for FOMC Meeting Statements, skipping...
2026-02-15 15:04:03,729 - WARNING - Skipping FOMC Meeting Statements - no data retrieved
2026-02-15 15:04:03,729 - INFO - 
[208/528] Analyzing FTSE 100 (UK)...
2026-02-15 15:04:03,729 - WARNING - No ticker mapping for FTSE 100 (UK), skipping...
2026-02-15 15:04:03,730 - WARNING - Skipping FTSE 100 (UK) - no data retrieved
2026-02-15 15:04:03,730 - INFO - 
[209/528] Analyzing Fed Balance Sheet Size...
2026-02-15 15:04:03,730 - WARNING - No ticker mapping for Fed Balance Sheet Size, skipping...
2026-02-15 15:04:03,730 - WARNING - Skipping Fed Balance Sheet Size - no data retrieved
2026-02-15 15:04:03,731 - INFO - 
[210/528] Analyzing Fed Chair Speeches (Powell)...
2026-02-15 15:04:03,731 - WARNING - No ticker mapping for Fed Chair Speeches (Powell), skipping...
2026-02-15 15:04:03,731 - WARNING - Skipping Fed Chair Speeches (Powell) - no data retrieved
2026-02-15 15:04:03,731 - INFO - 
[211/528] Analyzing Fed Dot Plot (Rate Projections)...
2026-02-15 15:04:03,732 - WARNING - No ticker mapping for Fed Dot Plot (Rate Projections), skipping...
2026-02-15 15:04:03,732 - WARNING - Skipping Fed Dot Plot (Rate Projections) - no data retrieved
2026-02-15 15:04:03,732 - INFO - 
[212/528] Analyzing Fed Reverse Repo Operations...
2026-02-15 15:04:03,732 - WARNING - No ticker mapping for Fed Reverse Repo Operations, skipping...
2026-02-15 15:04:03,733 - WARNING - Skipping Fed Reverse Repo Operations - no data retrieved
2026-02-15 15:04:03,733 - INFO - 
[213/528] Analyzing Federal Funds Rate...
2026-02-15 15:04:03,733 - WARNING - No ticker mapping for Federal Funds Rate, skipping...
2026-02-15 15:04:03,733 - WARNING - Skipping Federal Funds Rate - no data retrieved
2026-02-15 15:04:03,733 - INFO - 
[214/528] Analyzing Federal Reserve...
2026-02-15 15:04:03,733 - WARNING - No ticker mapping for Federal Reserve, skipping...
2026-02-15 15:04:03,734 - WARNING - Skipping Federal Reserve - no data retrieved
2026-02-15 15:04:03,734 - INFO - 
[215/528] Analyzing Federal Reserve Economic Data (FRED)...
2026-02-15 15:04:03,734 - WARNING - No ticker mapping for Federal Reserve Economic Data (FRED), skipping...
2026-02-15 15:04:03,734 - WARNING - Skipping Federal Reserve Economic Data (FRED) - no data retrieved
2026-02-15 15:04:03,734 - INFO - 
[216/528] Analyzing Federal Reserve Rate Expectations (Fed Futures)...
2026-02-15 15:04:03,734 - WARNING - No ticker mapping for Federal Reserve Rate Expectations (Fed Futures), skipping...
2026-02-15 15:04:03,735 - WARNING - Skipping Federal Reserve Rate Expectations (Fed Futures) - no data retrieved
2026-02-15 15:04:03,735 - INFO - 
[217/528] Analyzing Financial Markets...
2026-02-15 15:04:03,735 - WARNING - No ticker mapping for Financial Markets, skipping...
2026-02-15 15:04:03,735 - WARNING - Skipping Financial Markets - no data retrieved
2026-02-15 15:04:03,735 - INFO - 
[218/528] Analyzing Fitch/Moody's/S&P Crypto Ratings...
2026-02-15 15:04:03,735 - WARNING - No ticker mapping for Fitch/Moody's/S&P Crypto Ratings, skipping...
2026-02-15 15:04:03,735 - WARNING - Skipping Fitch/Moody's/S&P Crypto Ratings - no data retrieved
2026-02-15 15:04:03,736 - INFO - 
[219/528] Analyzing Flash Crashes/Wicks...
2026-02-15 15:04:03,736 - WARNING - No ticker mapping for Flash Crashes/Wicks, skipping...
2026-02-15 15:04:03,736 - WARNING - Skipping Flash Crashes/Wicks - no data retrieved
2026-02-15 15:04:03,736 - INFO - 
[220/528] Analyzing Floods...
2026-02-15 15:04:03,737 - WARNING - No ticker mapping for Floods, skipping...
2026-02-15 15:04:03,737 - WARNING - Skipping Floods - no data retrieved
2026-02-15 15:04:03,737 - INFO - 
[221/528] Analyzing French Presidential Elections...
2026-02-15 15:04:03,737 - WARNING - No ticker mapping for French Presidential Elections, skipping...
2026-02-15 15:04:03,737 - WARNING - Skipping French Presidential Elections - no data retrieved
2026-02-15 15:04:03,737 - INFO - 
[222/528] Analyzing Front Page Mentions...
2026-02-15 15:04:03,737 - WARNING - No ticker mapping for Front Page Mentions, skipping...
2026-02-15 15:04:03,737 - WARNING - Skipping Front Page Mentions - no data retrieved
2026-02-15 15:04:03,738 - INFO - 
[223/528] Analyzing Funding Rates...
2026-02-15 15:04:03,738 - WARNING - No ticker mapping for Funding Rates, skipping...
2026-02-15 15:04:03,738 - WARNING - Skipping Funding Rates - no data retrieved
2026-02-15 15:04:03,738 - INFO - 
[224/528] Analyzing Future Pandemics...
2026-02-15 15:04:03,738 - WARNING - No ticker mapping for Future Pandemics, skipping...
2026-02-15 15:04:03,738 - WARNING - Skipping Future Pandemics - no data retrieved
2026-02-15 15:04:03,738 - INFO - 
[225/528] Analyzing Futures...
2026-02-15 15:04:03,739 - WARNING - No ticker mapping for Futures, skipping...
2026-02-15 15:04:03,739 - WARNING - Skipping Futures - no data retrieved
2026-02-15 15:04:03,739 - INFO - 
[226/528] Analyzing Futures Basis (Futures - Spot)...
2026-02-15 15:04:03,739 - WARNING - No ticker mapping for Futures Basis (Futures - Spot), skipping...
2026-02-15 15:04:03,739 - WARNING - Skipping Futures Basis (Futures - Spot) - no data retrieved
2026-02-15 15:04:03,739 - INFO - 
[227/528] Analyzing G7/G20 Crypto Discussions...
2026-02-15 15:04:03,739 - WARNING - No ticker mapping for G7/G20 Crypto Discussions, skipping...
2026-02-15 15:04:03,740 - WARNING - Skipping G7/G20 Crypto Discussions - no data retrieved
2026-02-15 15:04:03,740 - INFO - 
[228/528] Analyzing GBP/USD...
2026-02-15 15:04:03,740 - INFO - Fetching data for GBP/USD (GBPUSD=X)...
2026-02-15 15:04:03,901 - INFO - Raw data type: <class 'pandas.core.frame.DataFrame'>, columns: [('Close', 'GBPUSD=X'), ('High', 'GBPUSD=X'), ('Low', 'GBPUSD=X'), ('Open', 'GBPUSD=X'), ('Volume', 'GBPUSD=X')]
2026-02-15 15:04:03,902 - INFO - After reset_index - columns: ['Date', 'Close', 'High', 'Low', 'Open', 'Volume']
2026-02-15 15:04:03,905 - INFO - Successfully fetched 1071 records for GBP/USD
2026-02-15 15:04:04,440 - INFO - Saved visualization to BTC_Factor_Reports\chart_GBP_USD.png
2026-02-15 15:04:04,779 - INFO - Created PDF report: BTC_Factor_Reports\BTC_vs_GBP_USD.pdf
2026-02-15 15:04:04,782 - INFO - [OK] GBP/USD: Correlation = 0.0139
2026-02-15 15:04:04,782 - INFO - 
[229/528] Analyzing GBTC Premium/Discount to NAV...
2026-02-15 15:04:04,783 - WARNING - No ticker mapping for GBTC Premium/Discount to NAV, skipping...
2026-02-15 15:04:04,783 - WARNING - Skipping GBTC Premium/Discount to NAV - no data retrieved
2026-02-15 15:04:04,783 - INFO - 
[230/528] Analyzing GDELT Project...
2026-02-15 15:04:04,783 - WARNING - No ticker mapping for GDELT Project, skipping...
2026-02-15 15:04:04,783 - WARNING - Skipping GDELT Project - no data retrieved
2026-02-15 15:04:04,783 - INFO - 
[231/528] Analyzing GDP Metrics...
2026-02-15 15:04:04,783 - WARNING - No ticker mapping for GDP Metrics, skipping...
2026-02-15 15:04:04,783 - WARNING - Skipping GDP Metrics - no data retrieved
2026-02-15 15:04:04,783 - INFO - 
[232/528] Analyzing GPU Prices...
2026-02-15 15:04:04,784 - WARNING - No ticker mapping for GPU Prices, skipping...
2026-02-15 15:04:04,784 - WARNING - Skipping GPU Prices - no data retrieved
2026-02-15 15:04:04,784 - INFO - 
[233/528] Analyzing Gamma Exposure...
2026-02-15 15:04:04,784 - WARNING - No ticker mapping for Gamma Exposure, skipping...
2026-02-15 15:04:04,784 - WARNING - Skipping Gamma Exposure - no data retrieved
2026-02-15 15:04:04,784 - INFO - 
[234/528] Analyzing Generational Shifts...
2026-02-15 15:04:04,784 - WARNING - No ticker mapping for Generational Shifts, skipping...
2026-02-15 15:04:04,785 - WARNING - Skipping Generational Shifts - no data retrieved
2026-02-15 15:04:04,785 - INFO - 
[235/528] Analyzing German Bunds (10-Year)...
2026-02-15 15:04:04,785 - WARNING - No ticker mapping for German Bunds (10-Year), skipping...
2026-02-15 15:04:04,785 - WARNING - Skipping German Bunds (10-Year) - no data retrieved
2026-02-15 15:04:04,785 - INFO - 
[236/528] Analyzing German Federal Elections...
2026-02-15 15:04:04,786 - WARNING - No ticker mapping for German Federal Elections, skipping...
2026-02-15 15:04:04,786 - WARNING - Skipping German Federal Elections - no data retrieved
2026-02-15 15:04:04,786 - INFO - 
[237/528] Analyzing Glassnode API...
2026-02-15 15:04:04,786 - WARNING - No ticker mapping for Glassnode API, skipping...
2026-02-15 15:04:04,787 - WARNING - Skipping Glassnode API - no data retrieved
2026-02-15 15:04:04,787 - INFO - 
[238/528] Analyzing Glassnode/CryptoQuant Reports...
2026-02-15 15:04:04,787 - WARNING - No ticker mapping for Glassnode/CryptoQuant Reports, skipping...
2026-02-15 15:04:04,787 - WARNING - Skipping Glassnode/CryptoQuant Reports - no data retrieved
2026-02-15 15:04:04,787 - INFO - 
[239/528] Analyzing Global Adoption Metrics...
2026-02-15 15:04:04,787 - WARNING - No ticker mapping for Global Adoption Metrics, skipping...
2026-02-15 15:04:04,787 - WARNING - Skipping Global Adoption Metrics - no data retrieved
2026-02-15 15:04:04,787 - INFO - 
[240/528] Analyzing Global Employment...
2026-02-15 15:04:04,787 - WARNING - No ticker mapping for Global Employment, skipping...
2026-02-15 15:04:04,788 - WARNING - Skipping Global Employment - no data retrieved
2026-02-15 15:04:04,788 - INFO - 
[241/528] Analyzing Global Government Bonds...
2026-02-15 15:04:04,788 - WARNING - No ticker mapping for Global Government Bonds, skipping...
2026-02-15 15:04:04,788 - WARNING - Skipping Global Government Bonds - no data retrieved
2026-02-15 15:04:04,788 - INFO - 
[242/528] Analyzing Global Health Crises...
2026-02-15 15:04:04,788 - WARNING - No ticker mapping for Global Health Crises, skipping...
2026-02-15 15:04:04,788 - WARNING - Skipping Global Health Crises - no data retrieved
2026-02-15 15:04:04,788 - INFO - 
[243/528] Analyzing Global Inflation...
2026-02-15 15:04:04,788 - WARNING - No ticker mapping for Global Inflation, skipping...
2026-02-15 15:04:04,789 - WARNING - Skipping Global Inflation - no data retrieved
2026-02-15 15:04:04,789 - INFO - 
[244/528] Analyzing Gold (XAU/USD)...
2026-02-15 15:04:04,789 - INFO - Fetching data for Gold (XAU/USD) (GC=F)...
2026-02-15 15:04:04,899 - INFO - Raw data type: <class 'pandas.core.frame.DataFrame'>, columns: [('Close', 'GC=F'), ('High', 'GC=F'), ('Low', 'GC=F'), ('Open', 'GC=F'), ('Volume', 'GC=F')]
2026-02-15 15:04:04,900 - INFO - After reset_index - columns: ['Date', 'Close', 'High', 'Low', 'Open', 'Volume']
2026-02-15 15:04:04,902 - INFO - Successfully fetched 1035 records for Gold (XAU/USD)
2026-02-15 15:04:05,528 - INFO - Saved visualization to BTC_Factor_Reports\chart_Gold__XAU_USD_.png
2026-02-15 15:04:05,826 - INFO - Created PDF report: BTC_Factor_Reports\BTC_vs_Gold__XAU_USD_.pdf
2026-02-15 15:04:05,829 - INFO - [OK] Gold (XAU/USD): Correlation = 0.0852
2026-02-15 15:04:05,830 - INFO - 
[245/528] Analyzing Goldman Sachs Crypto Coverage...
2026-02-15 15:04:05,830 - WARNING - No ticker mapping for Goldman Sachs Crypto Coverage, skipping...
2026-02-15 15:04:05,830 - WARNING - Skipping Goldman Sachs Crypto Coverage - no data retrieved
2026-02-15 15:04:05,830 - INFO - 
[246/528] Analyzing Google Trends ("Bitcoin" searches)...
2026-02-15 15:04:05,831 - WARNING - No ticker mapping for Google Trends ("Bitcoin" searches), skipping...
2026-02-15 15:04:05,831 - WARNING - Skipping Google Trends ("Bitcoin" searches) - no data retrieved
2026-02-15 15:04:05,831 - INFO - 
[247/528] Analyzing Google Trends (Related Queries)...
2026-02-15 15:04:05,831 - WARNING - No ticker mapping for Google Trends (Related Queries), skipping...
2026-02-15 15:04:05,831 - WARNING - Skipping Google Trends (Related Queries) - no data retrieved
2026-02-15 15:04:05,831 - INFO - 
[248/528] Analyzing Google Trends API...
2026-02-15 15:04:05,832 - WARNING - No ticker mapping for Google Trends API, skipping...
2026-02-15 15:04:05,832 - WARNING - Skipping Google Trends API - no data retrieved
2026-02-15 15:04:05,833 - INFO - 
[249/528] Analyzing Google Trends by Region...
2026-02-15 15:04:05,833 - WARNING - No ticker mapping for Google Trends by Region, skipping...
2026-02-15 15:04:05,833 - WARNING - Skipping Google Trends by Region - no data retrieved
2026-02-15 15:04:05,833 - INFO - 
[250/528] Analyzing Grayscale Bitcoin Trust (GBTC) Holdings...
2026-02-15 15:04:05,834 - WARNING - No ticker mapping for Grayscale Bitcoin Trust (GBTC) Holdings, skipping...
2026-02-15 15:04:05,834 - WARNING - Skipping Grayscale Bitcoin Trust (GBTC) Holdings - no data retrieved
2026-02-15 15:04:05,834 - INFO - 
[251/528] Analyzing HODL Waves...
2026-02-15 15:04:05,834 - WARNING - No ticker mapping for HODL Waves, skipping...
2026-02-15 15:04:05,835 - WARNING - Skipping HODL Waves - no data retrieved
2026-02-15 15:04:05,835 - INFO - 
[252/528] Analyzing Hang Seng (Hong Kong)...
2026-02-15 15:04:05,835 - WARNING - No ticker mapping for Hang Seng (Hong Kong), skipping...
2026-02-15 15:04:05,835 - WARNING - Skipping Hang Seng (Hong Kong) - no data retrieved
2026-02-15 15:04:05,835 - INFO - 
[253/528] Analyzing Hash Rate...
2026-02-15 15:04:05,836 - WARNING - No ticker mapping for Hash Rate, skipping...
2026-02-15 15:04:05,836 - WARNING - Skipping Hash Rate - no data retrieved
2026-02-15 15:04:05,836 - INFO - 
[254/528] Analyzing High-Yield Corporate Bond Spreads...
2026-02-15 15:04:05,836 - WARNING - No ticker mapping for High-Yield Corporate Bond Spreads, skipping...
2026-02-15 15:04:05,836 - WARNING - Skipping High-Yield Corporate Bond Spreads - no data retrieved
2026-02-15 15:04:05,836 - INFO - 
[255/528] Analyzing Hong Kong Crypto Hub Ambitions...
2026-02-15 15:04:05,837 - WARNING - No ticker mapping for Hong Kong Crypto Hub Ambitions, skipping...
2026-02-15 15:04:05,837 - WARNING - Skipping Hong Kong Crypto Hub Ambitions - no data retrieved
2026-02-15 15:04:05,837 - INFO - 
[256/528] Analyzing Hourly...
2026-02-15 15:04:05,837 - WARNING - No ticker mapping for Hourly, skipping...
2026-02-15 15:04:05,838 - WARNING - Skipping Hourly - no data retrieved
2026-02-15 15:04:05,838 - INFO - 
[257/528] Analyzing IMF Crypto Stance...
2026-02-15 15:04:05,838 - WARNING - No ticker mapping for IMF Crypto Stance, skipping...
2026-02-15 15:04:05,838 - WARNING - Skipping IMF Crypto Stance - no data retrieved
2026-02-15 15:04:05,838 - INFO - 
[258/528] Analyzing IRS Tax Guidance...
2026-02-15 15:04:05,838 - WARNING - No ticker mapping for IRS Tax Guidance, skipping...
2026-02-15 15:04:05,838 - WARNING - Skipping IRS Tax Guidance - no data retrieved
2026-02-15 15:04:05,839 - INFO - 
[259/528] Analyzing ISM Manufacturing PMI (US)...
2026-02-15 15:04:05,839 - WARNING - No ticker mapping for ISM Manufacturing PMI (US), skipping...
2026-02-15 15:04:05,839 - WARNING - Skipping ISM Manufacturing PMI (US) - no data retrieved
2026-02-15 15:04:05,839 - INFO - 
[260/528] Analyzing ISM Services PMI (US)...
2026-02-15 15:04:05,839 - WARNING - No ticker mapping for ISM Services PMI (US), skipping...
2026-02-15 15:04:05,839 - WARNING - Skipping ISM Services PMI (US) - no data retrieved
2026-02-15 15:04:05,839 - INFO - 
[261/528] Analyzing Implied Volatility (Bitcoin IV)...
2026-02-15 15:04:05,839 - WARNING - No ticker mapping for Implied Volatility (Bitcoin IV), skipping...
2026-02-15 15:04:05,839 - WARNING - Skipping Implied Volatility (Bitcoin IV) - no data retrieved
2026-02-15 15:04:05,840 - INFO - 
[262/528] Analyzing India Crypto Stance...
2026-02-15 15:04:05,840 - WARNING - No ticker mapping for India Crypto Stance, skipping...
2026-02-15 15:04:05,840 - WARNING - Skipping India Crypto Stance - no data retrieved
2026-02-15 15:04:05,840 - INFO - 
[263/528] Analyzing Indian Elections...
2026-02-15 15:04:05,840 - WARNING - No ticker mapping for Indian Elections, skipping...
2026-02-15 15:04:05,840 - WARNING - Skipping Indian Elections - no data retrieved
2026-02-15 15:04:05,840 - INFO - 
[264/528] Analyzing Individual EU Country Regulations...
2026-02-15 15:04:05,840 - WARNING - No ticker mapping for Individual EU Country Regulations, skipping...
2026-02-15 15:04:05,840 - WARNING - Skipping Individual EU Country Regulations - no data retrieved
2026-02-15 15:04:05,841 - INFO - 
[265/528] Analyzing Industrial Metals...
2026-02-15 15:04:05,841 - WARNING - No ticker mapping for Industrial Metals, skipping...
2026-02-15 15:04:05,841 - WARNING - Skipping Industrial Metals - no data retrieved
2026-02-15 15:04:05,841 - INFO - 
[266/528] Analyzing Industrial Production (US)...
2026-02-15 15:04:05,841 - WARNING - No ticker mapping for Industrial Production (US), skipping...
2026-02-15 15:04:05,841 - WARNING - Skipping Industrial Production (US) - no data retrieved
2026-02-15 15:04:05,841 - INFO - 
[267/528] Analyzing Inflation Rate (Annual Issuance)...
2026-02-15 15:04:05,841 - WARNING - No ticker mapping for Inflation Rate (Annual Issuance), skipping...
2026-02-15 15:04:05,841 - WARNING - Skipping Inflation Rate (Annual Issuance) - no data retrieved
2026-02-15 15:04:05,842 - INFO - 
[268/528] Analyzing Influencer Sentiment (Elon Musk, Michael Saylor, etc.)...
2026-02-15 15:04:05,842 - WARNING - No ticker mapping for Influencer Sentiment (Elon Musk, Michael Saylor, etc.), skipping...
2026-02-15 15:04:05,842 - WARNING - Skipping Influencer Sentiment (Elon Musk, Michael Saylor, etc.) - no data retrieved
2026-02-15 15:04:05,843 - INFO - 
[269/528] Analyzing Infrastructure Spending Bills...
2026-02-15 15:04:05,843 - WARNING - No ticker mapping for Infrastructure Spending Bills, skipping...
2026-02-15 15:04:05,843 - WARNING - Skipping Infrastructure Spending Bills - no data retrieved
2026-02-15 15:04:05,843 - INFO - 
[270/528] Analyzing Initial Jobless Claims...
2026-02-15 15:04:05,843 - WARNING - No ticker mapping for Initial Jobless Claims, skipping...
2026-02-15 15:04:05,843 - WARNING - Skipping Initial Jobless Claims - no data retrieved
2026-02-15 15:04:05,843 - INFO - 
[271/528] Analyzing Institutional Custody...
2026-02-15 15:04:05,843 - WARNING - No ticker mapping for Institutional Custody, skipping...
2026-02-15 15:04:05,843 - WARNING - Skipping Institutional Custody - no data retrieved
2026-02-15 15:04:05,844 - INFO - 
[272/528] Analyzing Interest Rates...
2026-02-15 15:04:05,844 - WARNING - No ticker mapping for Interest Rates, skipping...
2026-02-15 15:04:05,844 - WARNING - Skipping Interest Rates - no data retrieved
2026-02-15 15:04:05,844 - INFO - 
[273/528] Analyzing International Organizations...
2026-02-15 15:04:05,844 - WARNING - No ticker mapping for International Organizations, skipping...
2026-02-15 15:04:05,844 - WARNING - Skipping International Organizations - no data retrieved
2026-02-15 15:04:05,844 - INFO - 
[274/528] Analyzing Internet & Connectivity...
2026-02-15 15:04:05,844 - WARNING - No ticker mapping for Internet & Connectivity, skipping...
2026-02-15 15:04:05,844 - WARNING - Skipping Internet & Connectivity - no data retrieved
2026-02-15 15:04:05,844 - INFO - 
[275/528] Analyzing Internet Penetration Growth...
2026-02-15 15:04:05,844 - WARNING - No ticker mapping for Internet Penetration Growth, skipping...
2026-02-15 15:04:05,845 - WARNING - Skipping Internet Penetration Growth - no data retrieved
2026-02-15 15:04:05,845 - INFO - 
[276/528] Analyzing Internet Shutdowns (Authoritarian Regimes)...
2026-02-15 15:04:05,845 - WARNING - No ticker mapping for Internet Shutdowns (Authoritarian Regimes), skipping...
2026-02-15 15:04:05,845 - WARNING - Skipping Internet Shutdowns (Authoritarian Regimes) - no data retrieved
2026-02-15 15:04:05,845 - INFO - 
[277/528] Analyzing Investment-Grade Corporate Bond Spreads...
2026-02-15 15:04:05,845 - WARNING - No ticker mapping for Investment-Grade Corporate Bond Spreads, skipping...
2026-02-15 15:04:05,845 - WARNING - Skipping Investment-Grade Corporate Bond Spreads - no data retrieved
2026-02-15 15:04:05,846 - INFO - 
[278/528] Analyzing Investor Surveys (Bitcoin Allocation Intentions)...
2026-02-15 15:04:05,846 - WARNING - No ticker mapping for Investor Surveys (Bitcoin Allocation Intentions), skipping...
2026-02-15 15:04:05,846 - WARNING - Skipping Investor Surveys (Bitcoin Allocation Intentions) - no data retrieved
2026-02-15 15:04:05,846 - INFO - 
[279/528] Analyzing Israel-Palestine Tensions...
2026-02-15 15:04:05,846 - WARNING - No ticker mapping for Israel-Palestine Tensions, skipping...
2026-02-15 15:04:05,846 - WARNING - Skipping Israel-Palestine Tensions - no data retrieved
2026-02-15 15:04:05,846 - INFO - 
[280/528] Analyzing JOLTS (Job Openings)...
2026-02-15 15:04:05,849 - WARNING - No ticker mapping for JOLTS (Job Openings), skipping...
2026-02-15 15:04:05,850 - WARNING - Skipping JOLTS (Job Openings) - no data retrieved
2026-02-15 15:04:05,850 - INFO - 
[281/528] Analyzing JPMorgan Crypto Reports...
2026-02-15 15:04:05,850 - WARNING - No ticker mapping for JPMorgan Crypto Reports, skipping...
2026-02-15 15:04:05,850 - WARNING - Skipping JPMorgan Crypto Reports - no data retrieved
2026-02-15 15:04:05,850 - INFO - 
[282/528] Analyzing Jack Dorsey (Block CEO) Statements...
2026-02-15 15:04:05,851 - WARNING - No ticker mapping for Jack Dorsey (Block CEO) Statements, skipping...
2026-02-15 15:04:05,851 - WARNING - Skipping Jack Dorsey (Block CEO) Statements - no data retrieved
2026-02-15 15:04:05,851 - INFO - 
[283/528] Analyzing Japan CPI...
2026-02-15 15:04:05,851 - WARNING - No ticker mapping for Japan CPI, skipping...
2026-02-15 15:04:05,851 - WARNING - Skipping Japan CPI - no data retrieved
2026-02-15 15:04:05,851 - INFO - 
[284/528] Analyzing Japan GDP...
2026-02-15 15:04:05,851 - WARNING - No ticker mapping for Japan GDP, skipping...
2026-02-15 15:04:05,851 - WARNING - Skipping Japan GDP - no data retrieved
2026-02-15 15:04:05,852 - INFO - 
[285/528] Analyzing Japan Regulatory Clarity...
2026-02-15 15:04:05,852 - WARNING - No ticker mapping for Japan Regulatory Clarity, skipping...
2026-02-15 15:04:05,852 - WARNING - Skipping Japan Regulatory Clarity - no data retrieved
2026-02-15 15:04:05,852 - INFO - 
[286/528] Analyzing Japanese Government Bonds (JGB)...
2026-02-15 15:04:05,852 - WARNING - No ticker mapping for Japanese Government Bonds (JGB), skipping...
2026-02-15 15:04:05,852 - WARNING - Skipping Japanese Government Bonds (JGB) - no data retrieved
2026-02-15 15:04:05,853 - INFO - 
[287/528] Analyzing KOSPI (South Korea)...
2026-02-15 15:04:05,853 - WARNING - No ticker mapping for KOSPI (South Korea), skipping...
2026-02-15 15:04:05,853 - WARNING - Skipping KOSPI (South Korea) - no data retrieved
2026-02-15 15:04:05,853 - INFO - 
[288/528] Analyzing Kimchi Premium (Korean Exchanges)...
2026-02-15 15:04:05,854 - WARNING - No ticker mapping for Kimchi Premium (Korean Exchanges), skipping...
2026-02-15 15:04:05,854 - WARNING - Skipping Kimchi Premium (Korean Exchanges) - no data retrieved
2026-02-15 15:04:05,855 - INFO - 
[289/528] Analyzing Labor Force Participation Rate...
2026-02-15 15:04:05,856 - WARNING - No ticker mapping for Labor Force Participation Rate, skipping...
2026-02-15 15:04:05,856 - WARNING - Skipping Labor Force Participation Rate - no data retrieved
2026-02-15 15:04:05,856 - INFO - 
[290/528] Analyzing Large Holder Behavior (Whales)...
2026-02-15 15:04:05,857 - WARNING - No ticker mapping for Large Holder Behavior (Whales), skipping...
2026-02-15 15:04:05,857 - WARNING - Skipping Large Holder Behavior (Whales) - no data retrieved
2026-02-15 15:04:05,857 - INFO - 
[291/528] Analyzing Large Impact...
2026-02-15 15:04:05,857 - WARNING - No ticker mapping for Large Impact, skipping...
2026-02-15 15:04:05,857 - WARNING - Skipping Large Impact - no data retrieved
2026-02-15 15:04:05,857 - INFO - 
[292/528] Analyzing Large Orders (Block Trades)...
2026-02-15 15:04:05,857 - WARNING - No ticker mapping for Large Orders (Block Trades), skipping...
2026-02-15 15:04:05,857 - WARNING - Skipping Large Orders (Block Trades) - no data retrieved
2026-02-15 15:04:05,858 - INFO - 
[293/528] Analyzing Layer 2 Developments (Lightning, Liquid)...
2026-02-15 15:04:05,858 - WARNING - No ticker mapping for Layer 2 Developments (Lightning, Liquid), skipping...
2026-02-15 15:04:05,858 - WARNING - Skipping Layer 2 Developments (Lightning, Liquid) - no data retrieved
2026-02-15 15:04:05,858 - INFO - 
[294/528] Analyzing Lending Platform Failures...
2026-02-15 15:04:05,858 - WARNING - No ticker mapping for Lending Platform Failures, skipping...
2026-02-15 15:04:05,858 - WARNING - Skipping Lending Platform Failures - no data retrieved
2026-02-15 15:04:05,858 - INFO - 
[295/528] Analyzing Lightning Network Capacity...
2026-02-15 15:04:05,858 - WARNING - No ticker mapping for Lightning Network Capacity, skipping...
2026-02-15 15:04:05,858 - WARNING - Skipping Lightning Network Capacity - no data retrieved
2026-02-15 15:04:05,859 - INFO - 
[296/528] Analyzing Lightning Network Wallet Adoption...
2026-02-15 15:04:05,859 - WARNING - No ticker mapping for Lightning Network Wallet Adoption, skipping...
2026-02-15 15:04:05,859 - WARNING - Skipping Lightning Network Wallet Adoption - no data retrieved
2026-02-15 15:04:05,859 - INFO - 
[297/528] Analyzing Liquidation Heatmaps...
2026-02-15 15:04:05,859 - WARNING - No ticker mapping for Liquidation Heatmaps, skipping...
2026-02-15 15:04:05,859 - WARNING - Skipping Liquidation Heatmaps - no data retrieved
2026-02-15 15:04:05,859 - INFO - 
[298/528] Analyzing Liquidations (Long & Short)...
2026-02-15 15:04:05,859 - WARNING - No ticker mapping for Liquidations (Long & Short), skipping...
2026-02-15 15:04:05,859 - WARNING - Skipping Liquidations (Long & Short) - no data retrieved
2026-02-15 15:04:05,859 - INFO - 
[299/528] Analyzing Litecoin (LTC)...
2026-02-15 15:04:05,860 - WARNING - No ticker mapping for Litecoin (LTC), skipping...
2026-02-15 15:04:05,860 - WARNING - Skipping Litecoin (LTC) - no data retrieved
2026-02-15 15:04:05,860 - INFO - 
[300/528] Analyzing Long-Term Holder Behavior...
2026-02-15 15:04:05,860 - WARNING - No ticker mapping for Long-Term Holder Behavior, skipping...
2026-02-15 15:04:05,860 - WARNING - Skipping Long-Term Holder Behavior - no data retrieved
2026-02-15 15:04:05,860 - INFO - 
[301/528] Analyzing Lost Coins Estimates...
2026-02-15 15:04:05,860 - WARNING - No ticker mapping for Lost Coins Estimates, skipping...
2026-02-15 15:04:05,860 - WARNING - Skipping Lost Coins Estimates - no data retrieved
2026-02-15 15:04:05,860 - INFO - 
[302/528] Analyzing LunarCrush API...
2026-02-15 15:04:05,861 - WARNING - No ticker mapping for LunarCrush API, skipping...
2026-02-15 15:04:05,862 - WARNING - Skipping LunarCrush API - no data retrieved
2026-02-15 15:04:05,862 - INFO - 
[303/528] Analyzing M1, M2 Money Supply...
2026-02-15 15:04:05,862 - WARNING - No ticker mapping for M1, M2 Money Supply, skipping...
2026-02-15 15:04:05,862 - WARNING - Skipping M1, M2 Money Supply - no data retrieved
2026-02-15 15:04:05,862 - INFO - 
[304/528] Analyzing MOVE Index (Bond Market Volatility)...
2026-02-15 15:04:05,863 - WARNING - No ticker mapping for MOVE Index (Bond Market Volatility), skipping...
2026-02-15 15:04:05,863 - WARNING - Skipping MOVE Index (Bond Market Volatility) - no data retrieved
2026-02-15 15:04:05,863 - INFO - 
[305/528] Analyzing MSCI Emerging Markets Index...
2026-02-15 15:04:05,863 - WARNING - No ticker mapping for MSCI Emerging Markets Index, skipping...
2026-02-15 15:04:05,864 - WARNING - Skipping MSCI Emerging Markets Index - no data retrieved
2026-02-15 15:04:05,864 - INFO - 
[306/528] Analyzing MVRV Ratio (Market Value / Realized Value)...
2026-02-15 15:04:05,864 - WARNING - No ticker mapping for MVRV Ratio (Market Value / Realized Value), skipping...
2026-02-15 15:04:05,865 - WARNING - Skipping MVRV Ratio (Market Value / Realized Value) - no data retrieved
2026-02-15 15:04:05,866 - INFO - 
[307/528] Analyzing Mainstream Integration...
2026-02-15 15:04:05,867 - WARNING - No ticker mapping for Mainstream Integration, skipping...
2026-02-15 15:04:05,867 - WARNING - Skipping Mainstream Integration - no data retrieved
2026-02-15 15:04:05,868 - INFO - 
[308/528] Analyzing Mainstream Media...
2026-02-15 15:04:05,868 - WARNING - No ticker mapping for Mainstream Media, skipping...
2026-02-15 15:04:05,868 - WARNING - Skipping Mainstream Media - no data retrieved
2026-02-15 15:04:05,868 - INFO - 
[309/528] Analyzing Major Conflicts...
2026-02-15 15:04:05,868 - WARNING - No ticker mapping for Major Conflicts, skipping...
2026-02-15 15:04:05,868 - WARNING - Skipping Major Conflicts - no data retrieved
2026-02-15 15:04:05,868 - INFO - 
[310/528] Analyzing Major Cryptocurrencies...
2026-02-15 15:04:05,868 - WARNING - No ticker mapping for Major Cryptocurrencies, skipping...
2026-02-15 15:04:05,868 - WARNING - Skipping Major Cryptocurrencies - no data retrieved
2026-02-15 15:04:05,869 - INFO - 
[311/528] Analyzing Major Currency Pairs...
2026-02-15 15:04:05,869 - WARNING - No ticker mapping for Major Currency Pairs, skipping...
2026-02-15 15:04:05,869 - WARNING - Skipping Major Currency Pairs - no data retrieved
2026-02-15 15:04:05,869 - INFO - 
[312/528] Analyzing Major Earthquakes/Tsunamis...
2026-02-15 15:04:05,869 - WARNING - No ticker mapping for Major Earthquakes/Tsunamis, skipping...
2026-02-15 15:04:05,869 - WARNING - Skipping Major Earthquakes/Tsunamis - no data retrieved
2026-02-15 15:04:05,869 - INFO - 
[313/528] Analyzing Major Elections...
2026-02-15 15:04:05,870 - WARNING - No ticker mapping for Major Elections, skipping...
2026-02-15 15:04:05,870 - WARNING - Skipping Major Elections - no data retrieved
2026-02-15 15:04:05,870 - INFO - 
[314/528] Analyzing Major Internet Outages...
2026-02-15 15:04:05,870 - WARNING - No ticker mapping for Major Internet Outages, skipping...
2026-02-15 15:04:05,870 - WARNING - Skipping Major Internet Outages - no data retrieved
2026-02-15 15:04:05,870 - INFO - 
[315/528] Analyzing Major US Indices...
2026-02-15 15:04:05,870 - WARNING - No ticker mapping for Major US Indices, skipping...
2026-02-15 15:04:05,871 - WARNING - Skipping Major US Indices - no data retrieved
2026-02-15 15:04:05,871 - INFO - 
[316/528] Analyzing Manufacturing & Industrial...
2026-02-15 15:04:05,871 - WARNING - No ticker mapping for Manufacturing & Industrial, skipping...
2026-02-15 15:04:05,871 - WARNING - Skipping Manufacturing & Industrial - no data retrieved
2026-02-15 15:04:05,871 - INFO - 
[317/528] Analyzing Market Capitalization...
2026-02-15 15:04:05,871 - WARNING - No ticker mapping for Market Capitalization, skipping...
2026-02-15 15:04:05,871 - WARNING - Skipping Market Capitalization - no data retrieved
2026-02-15 15:04:05,872 - INFO - 
[318/528] Analyzing Market Cycles...
2026-02-15 15:04:05,872 - WARNING - No ticker mapping for Market Cycles, skipping...
2026-02-15 15:04:05,873 - WARNING - Skipping Market Cycles - no data retrieved
2026-02-15 15:04:05,873 - INFO - 
[319/528] Analyzing Market Maker Activity...
2026-02-15 15:04:05,873 - WARNING - No ticker mapping for Market Maker Activity, skipping...
2026-02-15 15:04:05,873 - WARNING - Skipping Market Maker Activity - no data retrieved
2026-02-15 15:04:05,873 - INFO - 
[320/528] Analyzing Market Metrics...
2026-02-15 15:04:05,874 - WARNING - No ticker mapping for Market Metrics, skipping...
2026-02-15 15:04:05,874 - WARNING - Skipping Market Metrics - no data retrieved
2026-02-15 15:04:05,874 - INFO - 
[321/528] Analyzing Max Pain Price...
2026-02-15 15:04:05,874 - WARNING - No ticker mapping for Max Pain Price, skipping...
2026-02-15 15:04:05,874 - WARNING - Skipping Max Pain Price - no data retrieved
2026-02-15 15:04:05,875 - INFO - 
[322/528] Analyzing Medium Impact...
2026-02-15 15:04:05,875 - WARNING - No ticker mapping for Medium Impact, skipping...
2026-02-15 15:04:05,875 - WARNING - Skipping Medium Impact - no data retrieved
2026-02-15 15:04:05,875 - INFO - 
[323/528] Analyzing Meme Culture...
2026-02-15 15:04:05,876 - WARNING - No ticker mapping for Meme Culture, skipping...
2026-02-15 15:04:05,876 - WARNING - Skipping Meme Culture - no data retrieved
2026-02-15 15:04:05,876 - INFO - 
[324/528] Analyzing Mempool Size...
2026-02-15 15:04:05,876 - WARNING - No ticker mapping for Mempool Size, skipping...
2026-02-15 15:04:05,876 - WARNING - Skipping Mempool Size - no data retrieved
2026-02-15 15:04:05,876 - INFO - 
[325/528] Analyzing Merchant Adoption...
2026-02-15 15:04:05,877 - WARNING - No ticker mapping for Merchant Adoption, skipping...
2026-02-15 15:04:05,877 - WARNING - Skipping Merchant Adoption - no data retrieved
2026-02-15 15:04:05,878 - INFO - 
[326/528] Analyzing Messari API...
2026-02-15 15:04:05,878 - WARNING - No ticker mapping for Messari API, skipping...
2026-02-15 15:04:05,878 - WARNING - Skipping Messari API - no data retrieved
2026-02-15 15:04:05,878 - INFO - 
[327/528] Analyzing Messari Research Reports...
2026-02-15 15:04:05,878 - WARNING - No ticker mapping for Messari Research Reports, skipping...
2026-02-15 15:04:05,878 - WARNING - Skipping Messari Research Reports - no data retrieved
2026-02-15 15:04:05,879 - INFO - 
[328/528] Analyzing MiCA (Markets in Crypto-Assets Regulation)...
2026-02-15 15:04:05,879 - WARNING - No ticker mapping for MiCA (Markets in Crypto-Assets Regulation), skipping...
2026-02-15 15:04:05,879 - WARNING - Skipping MiCA (Markets in Crypto-Assets Regulation) - no data retrieved
2026-02-15 15:04:05,879 - INFO - 
[329/528] Analyzing Michael Saylor Statements...
2026-02-15 15:04:05,879 - WARNING - No ticker mapping for Michael Saylor Statements, skipping...
2026-02-15 15:04:05,880 - WARNING - Skipping Michael Saylor Statements - no data retrieved
2026-02-15 15:04:05,880 - INFO - 
[330/528] Analyzing MicroStrategy BTC Holdings...
2026-02-15 15:04:05,880 - WARNING - No ticker mapping for MicroStrategy BTC Holdings, skipping...
2026-02-15 15:04:05,880 - WARNING - Skipping MicroStrategy BTC Holdings - no data retrieved
2026-02-15 15:04:05,881 - INFO - 
[331/528] Analyzing Millennial & Gen Z Wealth Transfer...
2026-02-15 15:04:05,881 - WARNING - No ticker mapping for Millennial & Gen Z Wealth Transfer, skipping...
2026-02-15 15:04:05,881 - WARNING - Skipping Millennial & Gen Z Wealth Transfer - no data retrieved
2026-02-15 15:04:05,881 - INFO - 
[332/528] Analyzing Miner Balances & Flows...
2026-02-15 15:04:05,882 - WARNING - No ticker mapping for Miner Balances & Flows, skipping...
2026-02-15 15:04:05,883 - WARNING - Skipping Miner Balances & Flows - no data retrieved
2026-02-15 15:04:05,884 - INFO - 
[333/528] Analyzing Miner Revenue (Fees + Block Rewards)...
2026-02-15 15:04:05,884 - WARNING - No ticker mapping for Miner Revenue (Fees + Block Rewards), skipping...
2026-02-15 15:04:05,885 - WARNING - Skipping Miner Revenue (Fees + Block Rewards) - no data retrieved
2026-02-15 15:04:05,885 - INFO - 
[334/528] Analyzing Mining & Security...
2026-02-15 15:04:05,885 - WARNING - No ticker mapping for Mining & Security, skipping...
2026-02-15 15:04:05,885 - WARNING - Skipping Mining & Security - no data retrieved
2026-02-15 15:04:05,885 - INFO - 
[335/528] Analyzing Mining Bans Due to Energy Concerns...
2026-02-15 15:04:05,885 - WARNING - No ticker mapping for Mining Bans Due to Energy Concerns, skipping...
2026-02-15 15:04:05,886 - WARNING - Skipping Mining Bans Due to Energy Concerns - no data retrieved
2026-02-15 15:04:05,886 - INFO - 
[336/528] Analyzing Mining Difficulty...
2026-02-15 15:04:05,886 - WARNING - No ticker mapping for Mining Difficulty, skipping...
2026-02-15 15:04:05,886 - WARNING - Skipping Mining Difficulty - no data retrieved
2026-02-15 15:04:05,886 - INFO - 
[337/528] Analyzing Mining Hash Rate...
2026-02-15 15:04:05,886 - WARNING - No ticker mapping for Mining Hash Rate, skipping...
2026-02-15 15:04:05,886 - WARNING - Skipping Mining Hash Rate - no data retrieved
2026-02-15 15:04:05,887 - INFO - 
[338/528] Analyzing Mining Pool Concentration...
2026-02-15 15:04:05,887 - WARNING - No ticker mapping for Mining Pool Concentration, skipping...
2026-02-15 15:04:05,887 - WARNING - Skipping Mining Pool Concentration - no data retrieved
2026-02-15 15:04:05,888 - INFO - 
[339/528] Analyzing Monthly / Quarterly...
2026-02-15 15:04:05,888 - WARNING - No ticker mapping for Monthly / Quarterly, skipping...
2026-02-15 15:04:05,888 - WARNING - Skipping Monthly / Quarterly - no data retrieved
2026-02-15 15:04:05,888 - INFO - 
[340/528] Analyzing Mortgage Rates (30-year fixed)...
2026-02-15 15:04:05,888 - WARNING - No ticker mapping for Mortgage Rates (30-year fixed), skipping...
2026-02-15 15:04:05,889 - WARNING - Skipping Mortgage Rates (30-year fixed) - no data retrieved
2026-02-15 15:04:05,889 - INFO - 
[341/528] Analyzing NASDAQ 100...
2026-02-15 15:04:05,889 - INFO - Fetching data for NASDAQ 100 (^NDX)...
2026-02-15 15:04:06,028 - INFO - Raw data type: <class 'pandas.core.frame.DataFrame'>, columns: [('Close', '^NDX'), ('High', '^NDX'), ('Low', '^NDX'), ('Open', '^NDX'), ('Volume', '^NDX')]
2026-02-15 15:04:06,028 - INFO - After reset_index - columns: ['Date', 'Close', 'High', 'Low', 'Open', 'Volume']
2026-02-15 15:04:06,031 - INFO - Successfully fetched 1033 records for NASDAQ 100
2026-02-15 15:04:06,639 - INFO - Saved visualization to BTC_Factor_Reports\chart_NASDAQ_100.png
2026-02-15 15:04:06,962 - INFO - Created PDF report: BTC_Factor_Reports\BTC_vs_NASDAQ_100.pdf
2026-02-15 15:04:06,966 - INFO - [OK] NASDAQ 100: Correlation = 0.4260
2026-02-15 15:04:06,967 - INFO - 
[342/528] Analyzing NATO Expansions...
2026-02-15 15:04:06,967 - WARNING - No ticker mapping for NATO Expansions, skipping...
2026-02-15 15:04:06,967 - WARNING - Skipping NATO Expansions - no data retrieved
2026-02-15 15:04:06,967 - INFO - 
[343/528] Analyzing NVT Ratio (Network Value / Transactions)...
2026-02-15 15:04:06,968 - WARNING - No ticker mapping for NVT Ratio (Network Value / Transactions), skipping...
2026-02-15 15:04:06,968 - WARNING - Skipping NVT Ratio (Network Value / Transactions) - no data retrieved
2026-02-15 15:04:06,968 - INFO - 
[344/528] Analyzing Natural Disasters...
2026-02-15 15:04:06,968 - WARNING - No ticker mapping for Natural Disasters, skipping...
2026-02-15 15:04:06,968 - WARNING - Skipping Natural Disasters - no data retrieved
2026-02-15 15:04:06,968 - INFO - 
[345/528] Analyzing Natural Gas...
2026-02-15 15:04:06,969 - WARNING - No ticker mapping for Natural Gas, skipping...
2026-02-15 15:04:06,969 - WARNING - Skipping Natural Gas - no data retrieved
2026-02-15 15:04:06,969 - INFO - 
[346/528] Analyzing Natural Gas Prices...
2026-02-15 15:04:06,969 - WARNING - No ticker mapping for Natural Gas Prices, skipping...
2026-02-15 15:04:06,969 - WARNING - Skipping Natural Gas Prices - no data retrieved
2026-02-15 15:04:06,970 - INFO - 
[347/528] Analyzing New Addresses Created...
2026-02-15 15:04:06,970 - WARNING - No ticker mapping for New Addresses Created, skipping...
2026-02-15 15:04:06,970 - WARNING - Skipping New Addresses Created - no data retrieved
2026-02-15 15:04:06,970 - INFO - 
[348/528] Analyzing New Exchange Listings...
2026-02-15 15:04:06,970 - WARNING - No ticker mapping for New Exchange Listings, skipping...
2026-02-15 15:04:06,970 - WARNING - Skipping New Exchange Listings - no data retrieved
2026-02-15 15:04:06,970 - INFO - 
[349/528] Analyzing News & Media...
2026-02-15 15:04:06,970 - WARNING - No ticker mapping for News & Media, skipping...
2026-02-15 15:04:06,971 - WARNING - Skipping News & Media - no data retrieved
2026-02-15 15:04:06,971 - INFO - 
[350/528] Analyzing NewsAPI...
2026-02-15 15:04:06,971 - WARNING - No ticker mapping for NewsAPI, skipping...
2026-02-15 15:04:06,971 - WARNING - Skipping NewsAPI - no data retrieved
2026-02-15 15:04:06,971 - INFO - 
[351/528] Analyzing Nikkei 225...
2026-02-15 15:04:06,971 - INFO - Fetching data for Nikkei 225 (^N225)...
2026-02-15 15:04:07,122 - INFO - Raw data type: <class 'pandas.core.frame.DataFrame'>, columns: [('Close', '^N225'), ('High', '^N225'), ('Low', '^N225'), ('Open', '^N225'), ('Volume', '^N225')]
2026-02-15 15:04:07,123 - INFO - After reset_index - columns: ['Date', 'Close', 'High', 'Low', 'Open', 'Volume']
2026-02-15 15:04:07,125 - INFO - Successfully fetched 1006 records for Nikkei 225
2026-02-15 15:04:07,703 - INFO - Saved visualization to BTC_Factor_Reports\chart_Nikkei_225.png
2026-02-15 15:04:08,019 - INFO - Created PDF report: BTC_Factor_Reports\BTC_vs_Nikkei_225.pdf
2026-02-15 15:04:08,022 - INFO - [OK] Nikkei 225: Correlation = 0.0736
2026-02-15 15:04:08,022 - INFO - 
[352/528] Analyzing Nikkei 225 (Japan)...
2026-02-15 15:04:08,022 - WARNING - No ticker mapping for Nikkei 225 (Japan), skipping...
2026-02-15 15:04:08,022 - WARNING - Skipping Nikkei 225 (Japan) - no data retrieved
2026-02-15 15:04:08,022 - INFO - 
[353/528] Analyzing Nobel Prize Winner Comments...
2026-02-15 15:04:08,022 - WARNING - No ticker mapping for Nobel Prize Winner Comments, skipping...
2026-02-15 15:04:08,022 - WARNING - Skipping Nobel Prize Winner Comments - no data retrieved
2026-02-15 15:04:08,023 - INFO - 
[354/528] Analyzing Nonfarm Payrolls...
2026-02-15 15:04:08,023 - WARNING - No ticker mapping for Nonfarm Payrolls, skipping...
2026-02-15 15:04:08,023 - WARNING - Skipping Nonfarm Payrolls - no data retrieved
2026-02-15 15:04:08,023 - INFO - 
[355/528] Analyzing North Korea Nuclear Threats...
2026-02-15 15:04:08,023 - WARNING - No ticker mapping for North Korea Nuclear Threats, skipping...
2026-02-15 15:04:08,023 - WARNING - Skipping North Korea Nuclear Threats - no data retrieved
2026-02-15 15:04:08,023 - INFO - 
[356/528] Analyzing Number of Merchants Accepting Bitcoin...
2026-02-15 15:04:08,023 - WARNING - No ticker mapping for Number of Merchants Accepting Bitcoin, skipping...
2026-02-15 15:04:08,024 - WARNING - Skipping Number of Merchants Accepting Bitcoin - no data retrieved
2026-02-15 15:04:08,024 - INFO - 
[357/528] Analyzing OTC (Over-the-Counter) Trading Volume...
2026-02-15 15:04:08,024 - WARNING - No ticker mapping for OTC (Over-the-Counter) Trading Volume, skipping...
2026-02-15 15:04:08,024 - WARNING - Skipping OTC (Over-the-Counter) Trading Volume - no data retrieved
2026-02-15 15:04:08,025 - INFO - 
[358/528] Analyzing On-Chain Analysts...
2026-02-15 15:04:08,025 - WARNING - No ticker mapping for On-Chain Analysts, skipping...
2026-02-15 15:04:08,025 - WARNING - Skipping On-Chain Analysts - no data retrieved
2026-02-15 15:04:08,025 - INFO - 
[359/528] Analyzing Options...
2026-02-15 15:04:08,025 - WARNING - No ticker mapping for Options, skipping...
2026-02-15 15:04:08,025 - WARNING - Skipping Options - no data retrieved
2026-02-15 15:04:08,025 - INFO - 
[360/528] Analyzing Options Expiry Events...
2026-02-15 15:04:08,026 - WARNING - No ticker mapping for Options Expiry Events, skipping...
2026-02-15 15:04:08,026 - WARNING - Skipping Options Expiry Events - no data retrieved
2026-02-15 15:04:08,026 - INFO - 
[361/528] Analyzing Options Open Interest...
2026-02-15 15:04:08,026 - WARNING - No ticker mapping for Options Open Interest, skipping...
2026-02-15 15:04:08,026 - WARNING - Skipping Options Open Interest - no data retrieved
2026-02-15 15:04:08,026 - INFO - 
[362/528] Analyzing Order Book Depth...
2026-02-15 15:04:08,026 - WARNING - No ticker mapping for Order Book Depth, skipping...
2026-02-15 15:04:08,026 - WARNING - Skipping Order Book Depth - no data retrieved
2026-02-15 15:04:08,026 - INFO - 
[363/528] Analyzing Other Central Banks...
2026-02-15 15:04:08,026 - WARNING - No ticker mapping for Other Central Banks, skipping...
2026-02-15 15:04:08,027 - WARNING - Skipping Other Central Banks - no data retrieved
2026-02-15 15:04:08,027 - INFO - 
[364/528] Analyzing Other Platforms...
2026-02-15 15:04:08,027 - WARNING - No ticker mapping for Other Platforms, skipping...
2026-02-15 15:04:08,027 - WARNING - Skipping Other Platforms - no data retrieved
2026-02-15 15:04:08,027 - INFO - 
[365/528] Analyzing Other Rate Indicators...
2026-02-15 15:04:08,027 - WARNING - No ticker mapping for Other Rate Indicators, skipping...
2026-02-15 15:04:08,027 - WARNING - Skipping Other Rate Indicators - no data retrieved
2026-02-15 15:04:08,027 - INFO - 
[366/528] Analyzing Other Regions...
2026-02-15 15:04:08,027 - WARNING - No ticker mapping for Other Regions, skipping...
2026-02-15 15:04:08,027 - WARNING - Skipping Other Regions - no data retrieved
2026-02-15 15:04:08,028 - INFO - 
[367/528] Analyzing PCE (Personal Consumption Expenditures)...
2026-02-15 15:04:08,028 - WARNING - No ticker mapping for PCE (Personal Consumption Expenditures), skipping...
2026-02-15 15:04:08,028 - WARNING - Skipping PCE (Personal Consumption Expenditures) - no data retrieved
2026-02-15 15:04:08,028 - INFO - 
[368/528] Analyzing PPI (Producer Price Index)...
2026-02-15 15:04:08,028 - WARNING - No ticker mapping for PPI (Producer Price Index), skipping...
2026-02-15 15:04:08,028 - WARNING - Skipping PPI (Producer Price Index) - no data retrieved
2026-02-15 15:04:08,028 - INFO - 
[369/528] Analyzing Palladium...
2026-02-15 15:04:08,028 - WARNING - No ticker mapping for Palladium, skipping...
2026-02-15 15:04:08,029 - WARNING - Skipping Palladium - no data retrieved
2026-02-15 15:04:08,029 - INFO - 
[370/528] Analyzing Payment Processor Volumes (BitPay, BTCPay Server)...
2026-02-15 15:04:08,029 - WARNING - No ticker mapping for Payment Processor Volumes (BitPay, BTCPay Server), skipping...
2026-02-15 15:04:08,031 - WARNING - Skipping Payment Processor Volumes (BitPay, BTCPay Server) - no data retrieved
2026-02-15 15:04:08,031 - INFO - 
[371/528] Analyzing People's Bank of China (PBOC) Actions...
2026-02-15 15:04:08,032 - WARNING - No ticker mapping for People's Bank of China (PBOC) Actions, skipping...
2026-02-15 15:04:08,033 - WARNING - Skipping People's Bank of China (PBOC) Actions - no data retrieved
2026-02-15 15:04:08,033 - INFO - 
[372/528] Analyzing Personal Consumption Expenditures...
2026-02-15 15:04:08,033 - WARNING - No ticker mapping for Personal Consumption Expenditures, skipping...
2026-02-15 15:04:08,033 - WARNING - Skipping Personal Consumption Expenditures - no data retrieved
2026-02-15 15:04:08,034 - INFO - 
[373/528] Analyzing Personal Savings Rate...
2026-02-15 15:04:08,034 - WARNING - No ticker mapping for Personal Savings Rate, skipping...
2026-02-15 15:04:08,034 - WARNING - Skipping Personal Savings Rate - no data retrieved
2026-02-15 15:04:08,035 - INFO - 
[374/528] Analyzing Pi Cycle Top Indicator...
2026-02-15 15:04:08,035 - WARNING - No ticker mapping for Pi Cycle Top Indicator, skipping...
2026-02-15 15:04:08,035 - WARNING - Skipping Pi Cycle Top Indicator - no data retrieved
2026-02-15 15:04:08,035 - INFO - 
[375/528] Analyzing PlanB (Stock-to-Flow Model)...
2026-02-15 15:04:08,035 - WARNING - No ticker mapping for PlanB (Stock-to-Flow Model), skipping...
2026-02-15 15:04:08,035 - WARNING - Skipping PlanB (Stock-to-Flow Model) - no data retrieved
2026-02-15 15:04:08,036 - INFO - 
[376/528] Analyzing Platinum...
2026-02-15 15:04:08,036 - WARNING - No ticker mapping for Platinum, skipping...
2026-02-15 15:04:08,036 - WARNING - Skipping Platinum - no data retrieved
2026-02-15 15:04:08,036 - INFO - 
[377/528] Analyzing Polkadot (DOT)...
2026-02-15 15:04:08,036 - WARNING - No ticker mapping for Polkadot (DOT), skipping...
2026-02-15 15:04:08,036 - WARNING - Skipping Polkadot (DOT) - no data retrieved
2026-02-15 15:04:08,036 - INFO - 
[378/528] Analyzing Positive vs Negative Coverage Ratio...
2026-02-15 15:04:08,036 - WARNING - No ticker mapping for Positive vs Negative Coverage Ratio, skipping...
2026-02-15 15:04:08,036 - WARNING - Skipping Positive vs Negative Coverage Ratio - no data retrieved
2026-02-15 15:04:08,036 - INFO - 
[379/528] Analyzing Post/Comment Volume on Crypto Subreddits...
2026-02-15 15:04:08,037 - WARNING - No ticker mapping for Post/Comment Volume on Crypto Subreddits, skipping...
2026-02-15 15:04:08,037 - WARNING - Skipping Post/Comment Volume on Crypto Subreddits - no data retrieved
2026-02-15 15:04:08,037 - INFO - 
[380/528] Analyzing Power Grid Failures...
2026-02-15 15:04:08,037 - WARNING - No ticker mapping for Power Grid Failures, skipping...
2026-02-15 15:04:08,037 - WARNING - Skipping Power Grid Failures - no data retrieved
2026-02-15 15:04:08,037 - INFO - 
[381/528] Analyzing Precious Metals...
2026-02-15 15:04:08,037 - WARNING - No ticker mapping for Precious Metals, skipping...
2026-02-15 15:04:08,037 - WARNING - Skipping Precious Metals - no data retrieved
2026-02-15 15:04:08,037 - INFO - 
[382/528] Analyzing Premium/Discount Between Exchanges...
2026-02-15 15:04:08,038 - WARNING - No ticker mapping for Premium/Discount Between Exchanges, skipping...
2026-02-15 15:04:08,038 - WARNING - Skipping Premium/Discount Between Exchanges - no data retrieved
2026-02-15 15:04:08,038 - INFO - 
[383/528] Analyzing Psychological Levels...
2026-02-15 15:04:08,038 - WARNING - No ticker mapping for Psychological Levels, skipping...
2026-02-15 15:04:08,038 - WARNING - Skipping Psychological Levels - no data retrieved
2026-02-15 15:04:08,038 - INFO - 
[384/528] Analyzing Puell Multiple (Miner Revenue / 365-day MA)...
2026-02-15 15:04:08,038 - WARNING - No ticker mapping for Puell Multiple (Miner Revenue / 365-day MA), skipping...
2026-02-15 15:04:08,038 - WARNING - Skipping Puell Multiple (Miner Revenue / 365-day MA) - no data retrieved
2026-02-15 15:04:08,039 - INFO - 
[385/528] Analyzing Put/Call Ratio...
2026-02-15 15:04:08,039 - WARNING - No ticker mapping for Put/Call Ratio, skipping...
2026-02-15 15:04:08,039 - WARNING - Skipping Put/Call Ratio - no data retrieved
2026-02-15 15:04:08,039 - INFO - 
[386/528] Analyzing Put/Call Ratio (Options Market)...
2026-02-15 15:04:08,040 - WARNING - No ticker mapping for Put/Call Ratio (Options Market), skipping...
2026-02-15 15:04:08,040 - WARNING - Skipping Put/Call Ratio (Options Market) - no data retrieved
2026-02-15 15:04:08,040 - INFO - 
[387/528] Analyzing Quandl (Nasdaq Data Link)...
2026-02-15 15:04:08,040 - WARNING - No ticker mapping for Quandl (Nasdaq Data Link), skipping...
2026-02-15 15:04:08,040 - WARNING - Skipping Quandl (Nasdaq Data Link) - no data retrieved
2026-02-15 15:04:08,040 - INFO - 
[388/528] Analyzing Quantum Computing Developments...
2026-02-15 15:04:08,040 - WARNING - No ticker mapping for Quantum Computing Developments, skipping...
2026-02-15 15:04:08,041 - WARNING - Skipping Quantum Computing Developments - no data retrieved
2026-02-15 15:04:08,041 - INFO - 
[389/528] Analyzing Ratings Agencies & Research Firms...
2026-02-15 15:04:08,041 - WARNING - No ticker mapping for Ratings Agencies & Research Firms, skipping...
2026-02-15 15:04:08,041 - WARNING - Skipping Ratings Agencies & Research Firms - no data retrieved
2026-02-15 15:04:08,041 - INFO - 
[390/528] Analyzing Real Interest Rates (Nominal - Inflation)...
2026-02-15 15:04:08,042 - WARNING - No ticker mapping for Real Interest Rates (Nominal - Inflation), skipping...
2026-02-15 15:04:08,042 - WARNING - Skipping Real Interest Rates (Nominal - Inflation) - no data retrieved
2026-02-15 15:04:08,042 - INFO - 
[391/528] Analyzing Real vs Wash Trading Volume...
2026-02-15 15:04:08,042 - WARNING - No ticker mapping for Real vs Wash Trading Volume, skipping...
2026-02-15 15:04:08,042 - WARNING - Skipping Real vs Wash Trading Volume - no data retrieved
2026-02-15 15:04:08,042 - INFO - 
[392/528] Analyzing Real-Time / Minute-Level...
2026-02-15 15:04:08,042 - WARNING - No ticker mapping for Real-Time / Minute-Level, skipping...
2026-02-15 15:04:08,042 - WARNING - Skipping Real-Time / Minute-Level - no data retrieved
2026-02-15 15:04:08,042 - INFO - 
[393/528] Analyzing Realized Cap HODL Waves...
2026-02-15 15:04:08,042 - WARNING - No ticker mapping for Realized Cap HODL Waves, skipping...
2026-02-15 15:04:08,043 - WARNING - Skipping Realized Cap HODL Waves - no data retrieved
2026-02-15 15:04:08,043 - INFO - 
[394/528] Analyzing Realized Price...
2026-02-15 15:04:08,043 - WARNING - No ticker mapping for Realized Price, skipping...
2026-02-15 15:04:08,043 - WARNING - Skipping Realized Price - no data retrieved
2026-02-15 15:04:08,043 - INFO - 
[395/528] Analyzing Reddit...
2026-02-15 15:04:08,043 - WARNING - No ticker mapping for Reddit, skipping...
2026-02-15 15:04:08,043 - WARNING - Skipping Reddit - no data retrieved
2026-02-15 15:04:08,043 - INFO - 
[396/528] Analyzing Reddit API / Pushshift...
2026-02-15 15:04:08,043 - WARNING - No ticker mapping for Reddit API / Pushshift, skipping...
2026-02-15 15:04:08,043 - WARNING - Skipping Reddit API / Pushshift - no data retrieved
2026-02-15 15:04:08,044 - INFO - 
[397/528] Analyzing Reddit Sentiment (r/Bitcoin, r/CryptoCurrency)...
2026-02-15 15:04:08,044 - WARNING - No ticker mapping for Reddit Sentiment (r/Bitcoin, r/CryptoCurrency), skipping...
2026-02-15 15:04:08,044 - WARNING - Skipping Reddit Sentiment (r/Bitcoin, r/CryptoCurrency) - no data retrieved
2026-02-15 15:04:08,044 - INFO - 
[398/528] Analyzing Remittance Corridor Usage...
2026-02-15 15:04:08,044 - WARNING - No ticker mapping for Remittance Corridor Usage, skipping...
2026-02-15 15:04:08,045 - WARNING - Skipping Remittance Corridor Usage - no data retrieved
2026-02-15 15:04:08,045 - INFO - 
[399/528] Analyzing Renewable Energy Adoption...
2026-02-15 15:04:08,045 - WARNING - No ticker mapping for Renewable Energy Adoption, skipping...
2026-02-15 15:04:08,045 - WARNING - Skipping Renewable Energy Adoption - no data retrieved
2026-02-15 15:04:08,045 - INFO - 
[400/528] Analyzing Renewable Energy Percentage in Mining...
2026-02-15 15:04:08,045 - WARNING - No ticker mapping for Renewable Energy Percentage in Mining, skipping...
2026-02-15 15:04:08,046 - WARNING - Skipping Renewable Energy Percentage in Mining - no data retrieved
2026-02-15 15:04:08,046 - INFO - 
[401/528] Analyzing Retail & Spending...
2026-02-15 15:04:08,046 - WARNING - No ticker mapping for Retail & Spending, skipping...
2026-02-15 15:04:08,046 - WARNING - Skipping Retail & Spending - no data retrieved
2026-02-15 15:04:08,046 - INFO - 
[402/528] Analyzing Retail Sales (US)...
2026-02-15 15:04:08,046 - WARNING - No ticker mapping for Retail Sales (US), skipping...
2026-02-15 15:04:08,046 - WARNING - Skipping Retail Sales (US) - no data retrieved
2026-02-15 15:04:08,046 - INFO - 
[403/528] Analyzing Ripple (XRP)...
2026-02-15 15:04:08,047 - INFO - Fetching data for Ripple (XRP) (XRP-USD)...
